Product ID;Obraz;Nazwa;Indeks;Kategoria;Cena (netto);Cena (brutto);Ilość;Wyświetlany;Pozycja
56;https://dobrewina.pl/1773/benromach-10-years-old.jpg;Wh.Benromach 10 YO Speyside SW 43% 0,7 L;HXXUKGMC13647;Whisky, Whiskey, Bourbon;202.439024;249;2;0;291
60;https://dobrewina.pl/825/oliwki-gordal-pikantne-60-80-480g.jpg;Oliwki Gordal pikantne 60/80 480g;DKA304383;Oliwki;23.900000;23.9;164;0;295
66;https://dobrewina.pl/96/diapiro-roble-dop-alicante-075-l.jpg;Diapiro Roble DOP Alicante 0,75 L;WCWHSPIN21302;Wino czerwone;38.130081;46.9;171;0;246
79;https://dobrewina.pl/833/oliwki-zielone-lux-nadziewane-pasta-z-anchois-161-200-150g.jpg;Oliwki zielone lux nadziewane pastą z anchois 161/200 150g;DKA300514;Oliwki;8.900000;8.9;103;0;269
82;https://dobrewina.pl/110/pavillon-des-trois-arches-chardonnay.jpg;Pavillon DES 3 Arches Chardonnay 0,75 L;WBWFALGI13387;Wino białe;38.130081;46.9;410;0;239
86;https://dobrewina.pl/1143/sensas-cabernet-sauvignon-syrah.jpg;Sensas Cabernet Syrah IGP 0,75 L;WCWFALGI13384;Wino czerwone;32.439024;39.9;391;0;238
97;https://dobrewina.pl/955/surya-monastrell-oak-aged-vdlt-de-castilla-075-l.jpg;Surya Monastrell Oak Aged VdlT de Castilla 0,75 L;WCWHSTER20557;Wino czerwone;40.569106;59.9;58;0;247
137;https://dobrewina.pl/1006/wh-sir-edward-s-40-07-l.jpg;Wh.Sir Edward's 40% 0,7 L;HXXUKBAR14905;Whisky, Whiskey, Bourbon;56.829268;69.9;0;1;258
138;https://dobrewina.pl/1005/wh-sir-edward-s-smoky-40-07-l.jpg;Wh.Sir Edward's Smoky 40% 0,7 L;HXXUKBAR14906;Whisky, Whiskey, Bourbon;64.959350;79.9;31;0;289
149;https://dobrewina.pl/838/pasztet-tradycyjny-z-borowikami-220g.jpg;Pasztet tradycyjny z borowikami 220G;DLG65010;Pasztety;28.900000;31.9;176;0;265
155;https://dobrewina.pl/840/pasztet-wyborny-wiejski-220g.jpg;Pasztet wyborny wiejski 220G;DLG65046;Pasztety;19.900000;19.9;86;0;266
160;https://dobrewina.pl/929/aperol-barbieri-aperitif-07-l-.jpg;Aperol Barbieri Aperitif 11% 0,7 L;MXXYYXXX05586;Aperol, Campari, Grappa;69.024390;84.9;9;0;372
161;https://dobrewina.pl/874/kartonik-nw1-zamykany-eko.jpg;Kartonik NW1 zamykany EKO;XKNW1EKO;Opakowanie tekturowe;10.487805;12.9;231;0;300
173;https://dobrewina.pl/209/the-very-cautious-one-gewurztraminer-riesling-0-075-l-.jpg;The Very Cautious One Gewurztraminer-Riesling 0% 0,75 L;WBWBEDEB21478;Wino bezalkoholowe;32.439024;39.9;14;0;228
174;https://dobrewina.pl/210/the-very-cautious-one-shiraz-0-075-l.jpg;The Very Cautious One Shiraz 0% 0,75 L;WCWBEDEB21479;Wino bezalkoholowe;32.439024;39.9;11;0;229
212;https://dobrewina.pl/810/konfitura-z-fig-z-orzechami-wloskimi-350g.jpg;Konfitura z fig z orzechami włoskimi 350G;DLG25385;Konfitury;18.900000;18.9;117;0;274
220;https://dobrewina.pl/254/cava-soler-jove-semi-seco-075-l.jpg;Cava Soler Jove Semi Seco 0,75 L;WBPHSSOL05883;Wino musujące;40.569106;49.9;7;0;249
222;https://dobrewina.pl/875/kartonik-nw1-zamykany-czerwony-faktura.jpg;Kartonik NW1 zamykany czerwony maziak;XKZ1CZEF;Opakowanie tekturowe;10.487805;12.9;8;0;314
224;https://dobrewina.pl/771/kartonik-nw1-zamykany-bialy-prazek-40.jpg;Kartonik NW1 zamykany biały;XKZ1BIAP;Opakowanie tekturowe;10.487805;12.9;65;0;311
230;https://dobrewina.pl/265/cava-soler-jove-brut.jpg;Cava Soler Jove Brut 0,75 L;WBWHSSOL05882;Wino musujące;40.569106;49.9;3;0;250
233;https://dobrewina.pl/1123/sherry-piconera-amontillado-do-jerez-075-l.jpg;Sherry Piconera Amontillado DO Jerez 0,75 L;WWPHSFER00602;Wino wzmacniane/deserowe;40.569106;49.9;10;0;251
259;https://dobrewina.pl/1093/willow-glen-gewurztraminer-riesling.jpg;Willowglen Gewurztraminer Riesling 0,75 L;WBMASDGS10055;Wino białe;32.439024;39.9;6;0;227
269;https://dobrewina.pl/1079/calusari-pinot-grigio.jpg;Calusari Pinot Grigio 0,75 L;WBWROCNC10269;Wina do 30 zł;24.308943;29.9;0;1;262
271;https://dobrewina.pl/1076/calusari-chardonnay.jpg;Calusari Chardonnay 0,75 L;WBWROCNC13042;Wina do 30 zł;24.308943;29.9;0;1;261
272;https://dobrewina.pl/1081/calusari-sauvignon-blanc.jpg;Calusari Sauvignon Blanc 0,75 L;WBWROCNC13041;Wina do 30 zł;24.308943;29.9;5;0;260
290;https://dobrewina.pl/880/kartonik-s1-bialy.jpg;Kartonik S1 biały;XKS1BI;Opakowanie tekturowe;8.048780;9.9;29;0;317
293;https://dobrewina.pl/770/kartonik-s1-eko.jpg;Kartonik S1 EKO;XKS1EKO;Opakowanie tekturowe;8.048780;9.9;239;0;310
294;https://dobrewina.pl/1180/pudelko-s1o-czerwony-s.jpg;Kartonik NW1 czerwony;XKS1CZE;Opakowanie tekturowe;10.487805;12.9;20;0;320
296;https://dobrewina.pl/782/kartonik-s1-fiolet-k-.jpg;Kartonik S1 fioletowy K;XKS1F;Opakowanie tekturowe;8.048780;9.9;2;0;312
324;https://dobrewina.pl/805/kapary-220g.jpg;Kapary 220g;DKA300286;Inne specjały;9.900000;9.9;32;0;267
329;https://dobrewina.pl/1126/sherry-piconera-cream-bodegas-ferris-.jpg;Sherry Piconera Cream DO Jerez 0,75 L;WWSHSFER00603;Wino wzmacniane/deserowe;40.569106;49.9;5;0;257
330;https://dobrewina.pl/1128/sherry-piconera-fino-do-jerez-075-l.jpg;Sherry Piconera Fino DO Jerez 0,75 L;WWWHSFER00604;Wino wzmacniane/deserowe;40.569106;49.9;0;1;256
336;https://dobrewina.pl/885/kartonik-s1-srebrny-faktura.jpg;Kartonik S1 srebrny maziak;XKS1SRF;Opakowanie tekturowe;8.048780;9.9;1;0;318
338;https://dobrewina.pl/790/delikates-z-baklazana-100g.jpg;Delikates z bakłażana 100G;DLG65021;Inne specjały;14.900000;14.9;0;1;275
350;https://dobrewina.pl/386/ultimate-zin-zinfandel-california-075-l.jpg;Ultimate Zin Zinfandel California 0,75 L;WCWUABIE21860;Wino czerwone;46.260163;56.9;0;1;231
354;https://dobrewina.pl/824/oliwki-gordal-nadziewane-papryczka-guindilla-90-100-175g.jpg;Oliwki Gordal nadziewane papryczką Guindilla 90/100 175g;DKA302686;Oliwki;11.900000;11.9;43;0;279
361;https://dobrewina.pl/396/la-marina-cuvee-oceane-igp-075-l.jpg;La Marina Cuvee Oceane IGP 0,75 L;WBWFADDM20347;Wino białe;36.504065;44.9;266;0;233
421;https://dobrewina.pl/804/guindillas-papryczki-pepperoni-150g.jpg;Guindillas - papryczki pepperoni 150g;DKA301221;Delikatesy;11.900000;11.9;33;0;278
432;https://dobrewina.pl/452/vinho-verde-holly-blue-doc-075-l.jpg;Vinho Verde Holly Blue DOC 0,75 L;WBPPRVRC14102;Wina do 30 zł;24.308943;29.9;30;0;255
435;https://dobrewina.pl/792/oliwki-zielone-nadziewane-migdalem-181-200-200g.jpg;Oliwki zielone nadziewane migdałem 181/200 200g;DKA301955;Oliwki;19.900000;19.9;287;0;294
480;https://dobrewina.pl/1964/armagnac-ducastaing-vs-40-07-l.jpg;Armagnac Ducastaing VS 40% 0,7 L;MXXFABAR14893;Cognac, Brandy, Armagnac;137.398374;169;0;1;284
489;https://dobrewina.pl/507/la-marina-gros-manseng-igp-075l.jpg;La Marina Gros Manseng IGP 0,75 L;WBMFADDM20349;Wino białe;40.569106;49.9;4;0;234
493;https://dobrewina.pl/1779/bio-3-passo-rosso-075-l.jpg;Bio 3 Passo Rosso 0,75 L;WCWWOCNC20167;Wino BIO/Wegańskie;40.569106;49.9;230;0;248
504;https://dobrewina.pl/521/cristatus-tinto-dop-alicante-075-l.jpg;Cristatus Tinto DOP Alicante 0,75 L;WCWHSPIN21300;Wino czerwone;24.308943;34.9;3;0;245
519;https://dobrewina.pl/788/blok-z-foie-gras-z-kaczki-80g.jpg;Blok z foie gras z kaczki 80g;DLG43330;Pasztety;29.900000;29.9;612;0;281
547;https://dobrewina.pl/1953/bio-pinoso-cepa-50-dop-alicante-075-l.jpg;Bio Pinoso Cepa 50 DOP Alicante 0,75 L;WCWHSPIN21303;Wino BIO/Wegańskie;32.439024;39.9;78;0;241
549;https://dobrewina.pl/933/campari-bitter-07l.jpg;Campari Bitter 25% 0,7 L;MXXYYXXX00128;Aperol, Campari, Grappa;81.219512;99.9;10;0;290
554;https://dobrewina.pl/572/la-marina-ugni-blanc-colombard-igp-075l.jpg;La Marina Ugni Blanc-Colombard IGP 0,75 L;WBWFADDM20348;Wino białe;32.439024;39.9;227;0;236
587;https://dobrewina.pl/889/kartonik-s1-czarny-s.jpg;Kartonik S1 czarny S;XKS1CS;Opakowanie tekturowe;8.048780;9.9;0;1;319
589;https://dobrewina.pl/784/kartonik-s1-czarny-k.jpg;Kartonik S1 czarny K;XKS10CS;Opakowanie tekturowe;8.048780;9.9;12;0;313
591;https://dobrewina.pl/1774/wh-sir-edward-s-12yo-40-07l.jpg;Wh.Sir Edward's 12YO 40% 0,7 L;HXXUKBAR20459;Whisky, Whiskey, Bourbon;96.747967;119;8;0;259
608;https://dobrewina.pl/829/oliwki-zielone-nadziewane-cytryna-221-260-120g.jpg;Oliwki zielone nadziewane cytryną 221/260 120g;DKA301467;Oliwki;5.900000;5.9;192;0;277
623;https://dobrewina.pl/1170/oliwki-zielone-nadziewane-papryka-czerwona-221-260-120g.jpg;Oliwki zielone nadziewane papryką czerwoną 221/260 120g;DKA301207;Oliwki;5.900000;5.9;82;0;276
624;https://dobrewina.pl/828/oliwki-zielone-nadziewane-pasta-z-anchois-221-260-120g.jpg;Oliwki zielone nadziewane pastą z anchois 221/260 120g;DKA114302;Oliwki;5.900000;5.9;213;0;270
643;https://dobrewina.pl/837/pasztet-baskijski-z-papryczka-espelette-70g.jpg;Pasztet baskijski z papryczką Espelette 70G;DLG65203;Pasztety;11.900000;11.9;33;0;264
653;https://dobrewina.pl/669/origines-italicae-appassimento-puglia-piccini-igt-075-l.jpg;Origines Italicae Appassimento Puglia Piccini IGT 0,75 L;WCWWOPIC21022;Wino czerwone;40.569106;49.9;0;1;243
679;https://dobrewina.pl/1766/cognac-henri-mounier-vs-40-07-l.jpg;Cognac Henri Mounier VS 40% 0,7 L;BXXFAMOU21779;Cognac, Brandy, Armagnac;153.658537;189;3;0;285
680;https://dobrewina.pl/1767/cognac-henri-mounier-vsop-40-07-l.jpg;Cognac Henri Mounier VSOP 40% 0,7 L;BXXFAMOU21780;Cognac, Brandy, Armagnac;186.178862;229;1;0;286
681;https://dobrewina.pl/1769/cognac-henri-mounier-xo-40-07-l.jpg;Cognac Henri Mounier XO 40% 0,7 L;BXXFAMOU21781;Cognac, Brandy, Armagnac;300.000000;369;2;0;287
682;https://dobrewina.pl/695/bio-vergel-rosado-dop-alicante-075-l.jpg;Bio Vergel Rosado DOP Alicante 0,75 L;WRWHSPIN21933;Wino różowe;32.439024;39.9;87;0;242
684;https://dobrewina.pl/867/oliwki-zielone-manzanilla-bez-pestek-221-260-160g.jpg;Oliwki zielone Manzanilla bez pestek 221/260 160g;DKA300125;Oliwki;9.900000;9.9;452;0;298
685;https://dobrewina.pl/1167/oliwki-zielone-manzanilla-bez-pestek-221-260-430g.jpg;Oliwki zielone Manzanilla bez pestek 221/260 430g;DKA300330;Oliwki;19.900000;19.9;89;0;297
686;https://dobrewina.pl/722/oliwki-zielone-gordal-bez-pestek-70-80-420g.jpg;Oliwki zielone Gordal bez pestek 70/80 420g;DKA303843;Oliwki;29.900000;29.9;120;0;296
687;https://dobrewina.pl/1168/oliwki-zielone-nadziewane-migdalem-181-200-500g.jpg;Oliwki zielone nadziewane migdałem 181/200 500g;DKA301870;Oliwki;36.900000;36.9;112;0;293
694;https://dobrewina.pl/787/kartonik-nw1-zamykany-brazowy.jpg;Kartonik NW1 zamykany brązowy;XKZ1BRTW;Opakowanie tekturowe;10.487805;12.9;9;0;217
695;https://dobrewina.pl/778/kartonik-nw1-zamykany-czarno-zloty.jpg;Kartonik NW1 zamykany czarno-złoty;XKZ1CZZTW;Opakowanie tekturowe;10.487805;12.9;0;1;218
696;https://dobrewina.pl/881/p696-kartonik-nw1-zamykany-czarny-s.jpg;Kartonik NW1 zamykany czarny S;XKZ1CZAS;Opakowanie tekturowe;10.487805;12.9;13;0;219
698;https://dobrewina.pl/1182/p698-kartonik-nw1-zamykany-srebrny-faktura-44.jpg;Kartonik NW1 zamykany srebrny maziak;XKZ1SRF;Opakowanie tekturowe;10.487805;12.9;19;0;220
700;https://dobrewina.pl/1173/kartonik-s2.jpg;Kartonik S2 czarny faktura;XKS2CZAF;Opakowanie tekturowe;12.113821;14.9;0;1;221
701;https://dobrewina.pl/1172/p701-kartonik-nw2-prazkowany-eko-32.jpg;Kartonik S2 EKO;XKS2EKO;Opakowanie tekturowe;10.487805;12.9;61;0;222
706;https://dobrewina.pl/1176/p706-kartonik-nw2-zamykany-srebrny-faktura-45.jpg;Kartonik NW2 zamykany srebrny maziak;XKZ2SRF;Opakowanie tekturowe;16.178861;19.9;85;0;223
714;https://dobrewina.pl/781/p714-kartonik-s1o-bialy-okno-4.jpg;Kartonik S1O biały okno (4);XKS1OBI;Opakowanie tekturowe;8.048780;9.9;0;1;224
715;https://dobrewina.pl/884/kartonik-s1o-okno-eko.jpg;Kartonik S1O okno EKO (6);XKS1OEKO;Opakowanie tekturowe;8.048780;9.9;8;0;225
721;https://dobrewina.pl/883/p721-kartonik-z-tektury-falistej-na-2-but-niebieski.jpg;Kartonik z tektury falistej na 2 but. niebieski;XK2NIEB;Opakowanie tekturowe;6.422764;7.9;4;0;226
726;https://dobrewina.pl/853/dzem-ekstra-light-z-gruszki-williamsa-z-wanilia-320g.jpg;Dżem ekstra light z gruszki Williamsa z wanilią 320g;DLG28014;Konfitury;23.900000;26.9;38;0;302
731;https://dobrewina.pl/864/konfitura-z-mleka-320g.jpg;Konfitura z mleka 320g;DLG25143;Konfitury;24.900000;24.9;75;0;304
734;https://dobrewina.pl/841/pasztet-z-gaskonii-z-sliwkami-z-agen-220g.jpg;Pasztet z Gaskonii ze śliwkami z Agen i Armaniakiem 220G;DLG65035;Pasztety;27.900000;31.9;23;0;306
744;https://dobrewina.pl/849/tapenada-z-zielonych-oliwek-100g.jpg;Tapenada z zielonych oliwek 100g;DLG65020;Tapenada;11.900000;13.9;269;0;315
1281;https://dobrewina.pl/1186/torebka-papierowa-czerwona-laminowana-12x75x36.jpg;Torebka papierowa czerwona laminowana 12x7,5x36;XTO2C;Opakowanie tekturowe;6.900000;8.49;17;0;208
1571;https://dobrewina.pl/891/p1571-kartonik-s1-czerwony-k.jpg;Kartonik S1 czerwony K;XKS1OCZE;Opakowanie tekturowe;9.900000;9.9;120;0;211
1572;https://dobrewina.pl/1183/p1572-kartonik-nw1-fioletowy.jpg;Kartonik NW1 fioletowy;XKS1OF;Opakowanie tekturowe;12.900000;12.9;5;0;212
1920;https://dobrewina.pl/2014/taca-prostokatna-24x34x10-czarny-s.jpg;Taca prostokątna 24x34x10 z pokrywą z plexi czarny s;XTACAF;Opakowania;20.243902;24.9;2;0;213
1925;https://dobrewina.pl/1179/p1925-kartonik-nw1-zamykany-niebieski-maziak.jpg;Kartonik NW1 zamykany niebieski maziak;XKZ1SRTW;Opakowanie tekturowe;12.900000;12.9;49;0;214
1972;https://dobrewina.pl/1191/torebka-papierowa-biala-laminowana-mat-12x75x36.jpg;Torebka papierowa biała laminowana mat 12x7,5x36;XTO3B;Opakowanie tekturowe;6.900000;6.9;13;0;215
2034;https://dobrewina.pl/919/p2034-cava-maset-brut-nature-reserva-075-l.jpg;Cava Maset Brut Nature Reserva 0,75 L;WBWHSMAS21979;Wino musujące;56.829268;69.9;0;1;216
2037;https://dobrewina.pl/1196/kartonik-s1-brazowy-fornir.jpg;Kartonik S1 brązowy fornir;XKS1SBRF;Opakowanie tekturowe;8.048780;9.9;0;1;322
2038;https://dobrewina.pl/2009/kartonik-s1-granatowy.jpg;Kartonik S1 granatowy;XKS1G;Opakowanie tekturowe;8.048780;9.9;47;0;323
2039;https://dobrewina.pl/1200/kartonik-nw3-zamykany-eko.jpg;Kartonik NW3 zamykany eko;XKZ3EKO;Strona główna;20.243902;24.9;105;0;324
2052;https://dobrewina.pl/1212/barone-montalto-passivento-bianco-terre-siciliane-igt-075-l.jpg;Barone Montalto Passivento Bianco Terre Siciliane IGT 0,75 L;WBWWOMGM22028;Wino białe;40.569106;49.9;0;1;325
2056;https://dobrewina.pl/1216/via-mare-sangiovese-primitivo-puglia-igt-075-l.jpg;Via Mare Sangiovese-Primitivo Puglia IGT 0,75 L;WCWWOCIE22288;Wino czerwone;24.308943;29.9;328;0;326
2061;https://dobrewina.pl/1223/via-mare-trebbiano-pinot-grigio-puglia-igt-075-l.jpg;Via Mare Trebbiano-Pinot Grigio Puglia IGT 0,75 L;WBWWOCIE22287;Wino białe;24.308943;29.9;738;0;328
2062;https://dobrewina.pl/1224/ripasso-valpolicella-centenero-doc-075-l.jpg;Ripasso Valpolicella Centenero DOC 0,75 L;WCWWOCIE22285;Wino czerwone;56.829268;69.9;29;0;329
2063;https://dobrewina.pl/1225/baccolo-rosso-veneto-igt-075-l.jpg;Baccolo Rosso Veneto IGT 0,75 L;WCWWOCIE22281;Wino czerwone;30.000000;46.9;90;0;330
2069;https://dobrewina.pl/1229/amarone-della-valpolicella-centenero-docg-075-l.jpg;Amarone della Valpolicella Centenero DOCG 0,75 L;WCWWOCIE22284;Wino czerwone;113.008130;139;74;0;332
2070;https://dobrewina.pl/1230/cielo-spumante-cuvee-privee-extra-dry-075-l.jpg;Cielo Spumante Cuvee Privee Extra Dry 0,75 L;WBWWOCIE22290;Wino musujące;28.373984;34.9;728;0;333
2071;https://dobrewina.pl/1231/prosecco-spumante-brut-cielo-doc-075-l.jpg;Prosecco Spumante Brut Cielo DOC 0,75 L;WBWWOCIE22291;Wino musujące;38.130081;46.9;327;0;334
2074;https://dobrewina.pl/1234/chateau-platon-bordeaux-aoc-075-l.jpg;Chateau Platon Bordeaux AOC 0,75 L;OBO0001;Wino czerwone;56.829268;69.9;0;1;335
2076;https://dobrewina.pl/1236/almeida-garret-tnt-tinto-doc-beira-interior-075-l.jpg;Almeida Garret TNT Tinto DOC Beira Interior 0,75 L;WCWPRSAB22321;Wino czerwone;40.569106;49.9;30;0;336
2077;https://dobrewina.pl/1237/quinta-dos-currais-colheita-seleccionada-tinto-doc-beira-interior-075-l.jpg;Quinta dos Currais Colheita Seleccionada Tinto DOC Beira Interior 0,75 L;WCWPRVIN22319;Wino czerwone;32.439024;49.9;21;0;337
2091;https://dobrewina.pl/1249/diapiro-tinto-joven-dop-alicante-075-l-.jpg;Diapiro Tinto Joven DOP Alicante 0,75 L;WCWHSPIN22264;Wino czerwone;32.439024;39.9;161;0;340
2103;https://dobrewina.pl/1260/bio-3-passo-bianco-075-l.jpg;Bio 3 Passo Bianco 0,75 L;WBWWOCIE22306;Wino BIO/Wegańskie;40.569106;49.9;468;0;341
2118;https://dobrewina.pl/1295/frizzante-9-rose-075-l.jpg;Frizzante 9° Rose 0,75 L;WRPWOCIE22301;Wino musujące;24.308943;29.9;0;1;342
2119;https://dobrewina.pl/1826/cielo-pinot-grigio-blush-delle-venezie-doc-075-l.jpg;Cielo Pinot Grigio Blush delle Venezie DOC 0,75 L;WRPWOCIE22303;Wino różowe;24.308943;29.9;87;0;343
2120;https://dobrewina.pl/1288/baccolo-bianco-puglia-igt-075-l.jpg;Baccolo Bianco Puglia IGT 0,75 L;WBWWOCIE22302;Wino białe;30.000000;46.9;537;0;344
2121;https://dobrewina.pl/1294/frizzante-9-bianco-075-l.jpg;Frizzante 9° Bianco 0,75 L;WBPWOCIE22300;Wino musujące;24.308943;29.9;0;1;345
2124;https://dobrewina.pl/1298/la-lisse-soie-d-ivoire-chenin-blanc-haute-vallee-de-l-aude-igp-075-l.jpg;La Lisse Soie d'Ivoire Chenin Blanc Haute Vallee de L'Aude IGP 0,75 L;WBWFABOU22167;Wino białe;38.130081;46.9;6;0;346
2142;https://dobrewina.pl/1352/p2142-vieux-chateau-gachet-lalande-de-pomerol-aoc-075-l.jpg;Vieux Chateau Gachet Lalande-de-Pomerol AOC 0,75 L;OPO0001;Wino czerwone;104.878049;129;1;0;204
2148;https://dobrewina.pl/1307/p2148-san-valero-tinto-semidulce-do-carinena-075-l.jpg;San Valero Joven Tinto Semidulce Tempranillo DO Carinena 0,75 L;OSC004;Wino czerwone;24.308943;39.9;568;0;205
2151;https://dobrewina.pl/1316/the-capeography-seascape-malbec-075-l.jpg;The Capeography Seascape Malbec 0,75 L;WCWRABOU22719;Wino czerwone;32.439024;49.9;14;0;207
2154;https://dobrewina.pl/1319/krem-z-kasztanow-350g.jpg;Krem z kasztanów 350g;DLG25760;Konfitury;29.900000;29.9;36;0;347
2155;https://dobrewina.pl/1320/konfitura-ekstra-ze-sliwki-damaszka-350g.jpg;Konfitura ekstra ze śliwki Damaszka 350g;DLG25754;Konfitury;23.900000;23.9;2;0;348
2160;https://dobrewina.pl/1326/les-caprices-d-ines-rose-d-anjou-aoc-075-l.jpg;Les Caprices d'Ines Rose d'Anjou AOC 0,75 L;WRWFALOR22868;Wino różowe;32.439024;49.9;9;0;350
2162;https://dobrewina.pl/1328/les-templiers-muscadet-sevre-et-maine-sur-lie-aoc-075-l.jpg;Les Templiers Muscadet Sevre-et-Maine Sur Lie AOC 0,75 L;WBWFALOR22871;Wino białe;40.569106;59.9;73;0;352
2169;https://dobrewina.pl/1329/vallee-des-rois-blanc-cheverny-aoc-075-l.jpg;Vallee des Rois Blanc Cheverny AOC 0,75 L;WBWFALOR22870;Wino białe;46.260163;56.9;0;1;353
2171;https://dobrewina.pl/1720/domaine-de-la-madelaine-touraine-sauvignon-aoc-075-l.jpg;Domaine de la Madelaine Touraine Sauvignon AOC 0,75 L;WBWFALOR22869;Wino białe;40.569106;49.9;8;0;354
2172;https://dobrewina.pl/1331/tresor-de-loire-sauvignon-val-de-loire-igp-075-l.jpg;Tresor de Loire Sauvignon Val de Loire IGP 0,75 L;WBWFALOR22872;Wino białe;32.439024;39.9;586;0;355
2180;https://dobrewina.pl/1347/pasztet-baskijski-z-papryka-espellete-220g.jpg;PASZTET BASKIJSKI Z PAPRYKĄ ESPELLETE 220G;DLG65042;Pasztety;27.900000;27.9;19;0;357
2181;https://dobrewina.pl/1348/konfitura-ekstra-z-cebuli-300g.jpg;Konfitura ekstra z cebuli 300g;DLG50001;Konfitury;16.900000;16.9;0;1;358
2182;https://dobrewina.pl/1349/pasztet-charentais-z-cognaciem-220g.jpg;Pasztet z Charente z koniakiem 220g;DLG65032;Pasztety;25.900000;25.9;18;0;359
2183;https://dobrewina.pl/1350/les-cocottes-blanc-de-blancs-sparkling-0-075-l.jpg;Les Cocottes Blanc de Blancs Sparkling 0% 0,75 L;WBXFADGS14460;Wino musujące;32.439024;39.9;12;0;360
2205;https://dobrewina.pl/1376/domaine-saint-andre-folie-d-ines-rouge-igp-075-l.jpg;Domaine Saint Andre Folie d'Ines Rouge IGP 0,75 L;WCWFALGI22995;Wino czerwone;64.959350;79.9;0;1;201
2218;https://dobrewina.pl/1387/p2218-barbera-piemonte-attimi-di-barbera-doc-075-l.jpg;Barbera Piemonte Attimi di Barbera DOC 0;WCWWOALI22964;Wino czerwone;48.699187;59.9;257;0;154
2219;https://dobrewina.pl/1385/p2219-barbera-piemonte-cascina-radice-doc-075-l.jpg;Barbera Piemonte Cascina Radice DOC 0,75 L;OII001;Wino czerwone;30.000000;36.9;81;0;155
2220;https://dobrewina.pl/1396/p2220-nero-di-troia-otto-nodi-puglia-igp-075-l.jpg;Nero di Troia Otto Nodi Puglia IGP 0,75 L;WCWWOALI22971;Wino czerwone;32.439024;39.9;389;0;156
2222;https://dobrewina.pl/1825/p2222-primitivo-otto-nodi-puglia-igp-075-l.jpg;Primitivo Otto Nodi Puglia IGP 0,75 L;WCWWOALI22972;Wino czerwone;32.439024;39.9;338;0;157
2223;https://dobrewina.pl/1717/primitivo-merlot-quatro-venti-420-puglia-igp-075-l.jpg;Primitivo Merlot Quatro Venti 4/20 Puglia IGP 0,75 L;WCWWOALI22973;Wino czerwone;38.130081;46.9;406;0;158
2224;https://dobrewina.pl/1392/p2224-primitivo-di-manduria-pacato-dop-075-l.jpg;Primitivo di Manduria Pacato DOP 0,75 L;WCWWOALI22974;Wino czerwone;48.699187;59.9;174;0;159
2225;https://dobrewina.pl/1391/p2225-primitivo-di-manduria-soffio-dop-075-l.jpg;Primitivo di Manduria Soffio DOP 0,75 L;WCWWOALI22975;Wino czerwone;60.894309;74.9;54;0;160
2233;https://dobrewina.pl/1407/p2233-rosso-di-stelle-terre-siciliane-igp-075-l.jpg;Rosso di Stelle Terre Siciliane IGP 0,75 L;WCWWOALI22969;Wino czerwone;24.308943;29.9;0;1;163
2234;https://dobrewina.pl/1415/sikulo-bianco-tre-colonne-terre-siciliane-igp-075-l.jpg;Sikulo Bianco Tre Colonne Terre Siciliane IGP 0,75 L;WBWWOALI22966;Wino białe;24.308943;29.9;447;0;164
2235;https://dobrewina.pl/1406/sikulo-rosso-tre-colonne-terre-siciliane-igp-075-l.jpg;Sikulo Rosso Tre Colonne Terre Siciliane IGP 0,75 L;WCWWOALI22967;Wino czerwone;24.308943;29.9;360;0;165
2237;https://dobrewina.pl/2030/la-pruina-tenuta-ilmo-primitivo-di-manduria-075-l.jpg;La Pruina Tenuta Ilmo Primitivo di Manduria 0,75 L;OIP0002;Wino czerwone;73.089431;89.9;96;0;167
2242;https://dobrewina.pl/1426/fourrey-petit-chablis-aoc-075-l.jpg;Fourrey Petit Chablis AOC 0,75 L;CCH0012;Wino białe;81.219512;99.9;0;1;169
2243;https://dobrewina.pl/1878/mont-epin-macon-peronne-l-etoile-aoc-075-l.jpg;Domaine du Mont Epin Macon-Peronne L'Etoile AOC 0,75 L;OFG0001;Wino białe;81.219512;99.9;5;0;170
2245;https://dobrewina.pl/1414/p2245-kartonik-nw2-zamykany-eko-prazek-38.jpg;Kartonik NW2 zamykany EKO prążek (38);XKZ2EKO;Opakowania;17.804878;21.9;157;0;171
2247;https://dobrewina.pl/1697/p2247-oliwki-czarne-bez-pestek-240-260-150g.jpg;Oliwki czarne bez pestek 240/260 150g;DKA301382;Oliwki;8.900000;8.9;187;0;172
2267;https://dobrewina.pl/1466/p2267-jessiaume-santenay-1er-cru-gravieres-blanc-2018.jpg;Jessiaume Santenay 1er Cru Gravieres Blanc 2018;CBB0037;Wino białe;153.658537;229;2;0;397
2270;https://dobrewina.pl/1435/p2270-jaffelin-aloxe-corton-2018.jpg;Jaffelin Aloxe Corton 2018;CBB0001;Wino czerwone;161.788618;239;1;0;396
2279;https://dobrewina.pl/1600/p2279-drouhin-laroze-gevrey-chambertin-1cru-clos-prieur-2019.jpg;Drouhin-Laroze Gevrey-Chambertin 1cru Clos Prieur 2019;CBN0006;Wino czerwone;373.170732;499;4;0;371
2321;https://dobrewina.pl/1489/p2321-chateau-marquis-de-terme-margaux-2018.jpg;Chateau Marquis de Terme Margaux 2018;CME0013;Wino czerwone;243.089431;299;2;0;390
2344;https://dobrewina.pl/1508/p2344-dom-caudron-demi-sec-aop-champagne.jpg;Dom Caudron Demi-Sec AOP Champagne;CCM0004;Wino musujące;137.398374;169;17;0;178
2345;https://dobrewina.pl/1866/dom-caudron-cornalyne-aop-champagne.jpg;Dom Caudron Cornalyne AOP Champagne;CCM0005;Wino musujące;169.918699;209;15;0;378
2346;https://dobrewina.pl/1929/dom-caudron-sublimite-5050-2010-brut-aop-champagne.jpg;Dom Caudron Sublimite 50/50 Brut AOP Champagne;CCM0006;Wino musujące;291.869919;359;1;0;391
2350;https://dobrewina.pl/1667/jaffelin-cremant-de-bourgogne-brut.jpg;Jaffelin Cremant de Bourgogne Blanc de Blancs Brut 0,75;CBC0001;Wino musujące;64.959350;79.9;10;0;179
2354;https://dobrewina.pl/1509/p2354-lodeiros-do-rio-tinto-doc-beira-interior-075-l.jpg;Lodeiros do Rio Tinto DOC Beira Interior 0,75 L;WCWPRSAB22776;Wino czerwone;24.308943;29.9;43;0;182
3647;https://dobrewina.pl/2012/kartonik-nw1-zamykany-bordo.jpg;Kartonik NW1 zamykany bordo;XKZ1BO;Opakowania;10.487805;12.9;15;0;188
3654;https://dobrewina.pl/1841/fourrey-chablis-2020-aoc-075-l.jpg;Fourrey Chablis AOC 0,75 L;CCH0013;Wino białe;88.617886;109;0;1;365
3655;https://dobrewina.pl/1871/fourrey-chablis-1-cru-cotes-de-lechet-aoc-075-l.jpg;Fourrey Chablis 1 Cru Cotes de Lechet AOC 0,75 L;CCH0014;Wino białe;121.138211;149;6;0;192
3656;https://dobrewina.pl/1755/p3656-sliwowica-podbeskidzka-07l-50.jpg;Śliwowica podbeskidzka 72% 0,5 L;MUN01;Gin, Wódka, Calvados;96.747967;119;2;0;150
3658;https://dobrewina.pl/1762/p3658-wh-the-path-blended-scotch-whisky-by-john-mcdougall-07l-40.jpg;Wh. The Path Blended Scotch Whisky by John McDougall 0,7L 40%;MUN03;Whisky, Whiskey, Bourbon;96.747967;119;13;0;151
3659;https://dobrewina.pl/1694/wh-lambay-irish-whiskey-07l-40.jpg;Wh. Lambay Irish Whiskey 0,7L 40%;MUN04;Whisky, Whiskey, Bourbon;137.398374;169;11;0;152
3667;https://dobrewina.pl/1816/chateau-alouettes-blanc-costieres-de-nimes-aop-075-l.jpg;Chateau Alouettes Blanc Costieres de Nimes AOP 0,75 L;OFN0001;Wino białe;32.439024;39.9;193;0;366
3668;https://dobrewina.pl/1817/chateau-alouettes-rouge-costieres-de-nimes-aop-075-l.jpg;Chateau Alouettes Rouge Costieres de Nimes AOP 0,75 L;OFN0002;Wino czerwone;32.439024;54.9;173;0;367
3669;https://dobrewina.pl/1684/cuatro-rayas-bucolico-verdejo-sauvignon-blanc-do-rueda-075.jpg;Cuatro Rayas Bucolico Verdejo Sauvignon Blanc DO Rueda 0,75;WBWHSCRA23571;Wino białe;32.439024;49.9;92;0;142
3670;https://dobrewina.pl/1682/cuatro-rayas-pampano-verdejo-do-rueda-075l.jpg;Cuatro Rayas Pampano Verdejo DO Rueda 0,75L;WBWHSCRA23569;Wino białe;30.000000;36.9;157;0;143
3671;https://dobrewina.pl/1683/prosecco-spumante-rose-extra-dry-cielo-doc-075-l.jpg;Prosecco Rose Spumante Brut Cielo DOC 0,75 L;WRWWOCIE23518;Wino musujące;40.569106;64.9;0;1;144
3672;https://dobrewina.pl/1685/casa-defra-luxino-brut-lessini-durello-doc-075-l.jpg;Casa Defra Luxino Brut Lessini Durello DOC 0,75 L;WBWWOCIE23599;Wino musujące;40.569106;49.9;262;0;145
3674;https://dobrewina.pl/1968/domaine-saint-andre-folie-d-ines-rose-igp-075-l.jpg;Domaine Saint Andre Folie d'Ines Rose IGP 0,75 L;WRWFALGI23605;Wino różowe;56.829268;69.9;92;0;368
3678;https://dobrewina.pl/1969/domaine-saint-andre-folie-d-ines-blanc-igp-075-l.jpg;Domaine Saint Andre Folie d'Ines Blanc IGP 0,75 L;WBWFALGI23606;Wino białe;64.959350;79.9;6;0;369
3683;https://dobrewina.pl/1696/p3683-apsinthion-black-absinthe-05-l-55.jpg;Apsinthion black - Absinthe 0,5 L 55%;Apsinthion;Nalewki, Likiery;73.089431;89.9;0;1;147
3684;https://dobrewina.pl/1719/p3684-bourbon-old-samuel-reserve-blended-07l-40.jpg;Bourbon Old Samuel Reserve Blended 0.7L 40%;Wh.Bourbon Old;Whisky, Whiskey, Bourbon;56.829268;69.9;19;0;148
3685;https://dobrewina.pl/1761/p3685-wh-scarabus-hunter-laing-islay-single-malt-scotch-whisky-07-l-46.jpg;Wh. Scarabus Hunter Laing Islay Single Malt Scotch Whisky 0,7 L 46%;MUN05;Whisky, Whiskey, Bourbon;153.658537;189;4;0;149
3689;https://dobrewina.pl/1765/p3689-wh-wild-fields-sherry-cask-single-malt-wheat-polish-whisky-07l-465.jpg;Wh. Wild Fields Sherry Cask Single Malt Wheat Polish Whisky 0,7L 46,5%;MUN06;Whisky, Whiskey, Bourbon;202.439024;249;3;0;94
3690;https://dobrewina.pl/1748/p3690-brandy-minard-ch-j-french-07l-36.jpg;Brandy Minard Ch. J. French 0,7L 36%;MUN07;Cognac, Brandy, Armagnac;56.829268;69.9;3;0;95
3694;https://dobrewina.pl/1705/adrian-serrano-tinto.jpg;Adrian Serrrano Tinto Joven DOC Rioja 0,75L;AS001;Wino czerwone;30.000000;36.9;645;0;96
3695;https://dobrewina.pl/1706/p3695-adrian-serrano-blanco.jpg;Adrian Serrrano Blanco DOC Rioja 0,75L;AS002;Wino białe;30.000000;36.9;522;0;97
3696;https://dobrewina.pl/1707/p3696-adrian-serrano-crianza.jpg;Adrian Serrrano Crianza DOC Rioja 0,75L;AS003;Wino czerwone;40.569106;49.9;705;0;98
3697;https://dobrewina.pl/1709/p3697-adrian-serrano-reserva.jpg;Adrian Serrrano Reserva DOC Rioja 0,75L;AS004;Wino czerwone;48.699187;59.9;169;0;99
3699;https://dobrewina.pl/1710/p3699-barbanera-gigino-80-igt-rosso-toscana-075l.jpg;Barbanera Gigino 80 IGT Rosso Toscana 0,75L;OIT0001;Wino czerwone;81.219512;99.9;2;0;100
3700;https://dobrewina.pl/1711/p3700-barbanera-gigino-grande-80-igt-rosso-toscana-075l.jpg;Barbanera Gigino Grande 80 IGT Rosso Toscana 0,75L;OIT0002;Wino czerwone;96.747967;119;0;1;101
3701;https://dobrewina.pl/1712/p3701-barbanera-gigino-80-igt-bianco-toscana-075l.jpg;Barbanera Gigino 80 IGT Bianco Toscana 0,75L;OIT0003;Wino białe;64.959350;79.9;0;1;102
3702;https://dobrewina.pl/1713/p3702-barbanera-sangiovese-vinificato-in-bianco-igt-bianco-toscana-075l.jpg;Barbanera Sangiovese vinificato in Bianco IGT Bianco Toscana 0,75L;OIT0004;Wino białe;38.130081;46.9;0;1;103
3709;https://dobrewina.pl/1724/p3709-torebka-papierowa-1-btl-granatowa.jpg;Torebka papierowa 1 btl. granatowa;XKKG44221;Strona główna;4.796748;5.9;423;0;106
3710;https://dobrewina.pl/1722/p3710-torebka-papierowa-1-btl-czerwona.jpg;Torebka papierowa 1 btl. czerwona;XKKC44223;Opakowania;4.796748;5.9;663;0;107
3711;https://dobrewina.pl/1983/oliwki-kalamata-bez-pestek-190g.jpg;Oliwki Kalamata bez pestek 190g;DAG1101J1P01;Oliwki;12.900000;14.9;270;0;108
3712;https://dobrewina.pl/1726/p3712-oliwki-zielone-nadziewane-suszonymi-pomidorami-215g.jpg;Oliwki zielone nadziewane suszonymi pomidorami 215g;DAG0402J1T01;Oliwki;14.900000;14.9;44;0;109
3714;https://dobrewina.pl/1728/p3714-oliwki-zielone-nadziewane-czosnkiem-215g.jpg;Oliwki zielone nadziewane czosnkiem 215g;DAG0402J1G01;Oliwki;14.900000;17.9;169;0;111
3715;https://dobrewina.pl/1982/oliwki-kalamata-z-pestkami-190g.jpg;Oliwki Kalamata z pestkami 190g;DAG1001J1W01;Oliwki;12.900000;12.9;98;0;112
3724;https://dobrewina.pl/2013/kartonik-3-butelki-zamykany-94x257x35-granat.jpg;Kartonik 3 butelki zamykany 9,4x25,7x35 granat;DNS2k7;Opakowania;20.243902;24.9;22;0;117
3726;https://dobrewina.pl/1730/p3726-via-mare-merlot-raboso-veneto-igt-075-l.jpg;Via Mare Merlot-Raboso Veneto IGT 0,75 L;WCWWOCIE23766;Wino czerwone;24.308943;29.9;425;0;119
3727;https://dobrewina.pl/1731/p3727-via-mare-garganega-chardonnay-veneto-igt-075-l.jpg;Via Mare Garganega-Chardonnay Veneto IGT 0,75 L;WBWWOCIE23765;Wino białe;24.308943;29.9;713;0;120
3730;https://dobrewina.pl/1875/jessiaume-auxey-duresses-1er-cru-ecussaux-blanc-2020.jpg;Jessiaume Auxey Duresses 1er Cru Ecussaux Blanc 2020;CBB0043;Wino białe;169.918699;239;23;0;123
3731;https://dobrewina.pl/1936/p3731-jessiaume-santenay-clos-du-clos-genet-2020.jpg;Jessiaume Santenay Clos du Clos Genet 2020;CBB0044;Wino czerwone;121.138211;199;19;0;124
3733;https://dobrewina.pl/1753/p3733-miodula-prezydencka-oryginalna-lezakowana-40-box-05-l.jpg;Miodula Prezydencka oryginalna leżakowana 40% box 0,5 L;MUN10;Nalewki, Likiery;121.138211;149;3;0;126
3734;https://dobrewina.pl/1763/wodka-korona-dojrzewajaca-w-beczkach-debowych-40-07-l.jpg;Wódka Korona dojrzewająca w beczkach dębowych 40% 0,7 L;MUN11;Gin, Wódka, Calvados;73.089431;89.9;19;0;127
3739;https://dobrewina.pl/1759/p3739-underberg-on-trade-44-002-l.jpg;Underberg on-trade 44% 0,02 L;MUN12;Nalewki, Likiery;7.235772;8.9;153;0;130
3740;https://dobrewina.pl/1752/p3740-goldwasser-original-danziger-40-05-l.jpg;Goldwasser original Danziger 40% 0,5 L;MUN13;Nalewki, Likiery;88.617886;109;0;1;131
3741;https://dobrewina.pl/1758/p3741-tequila-sombrero-negro-silver-38-07-l.jpg;Tequila Sombrero Negro Silver 38% 0,7 L;MUN14;Rum, Tequila;96.747967;119;7;0;132
3742;https://dobrewina.pl/1747/p3742-grappa-pircher-superiore-original-38-05-l.jpg;Grappa Pircher Superiore Original 38% 0,5 L;MUN15;Aperol, Campari, Grappa;73.089431;89.9;5;0;133
3743;https://dobrewina.pl/1749/p3743-casa-hamaca-ron-del-caribbean-negro-375-07-l.jpg;Rum Casa Hamaca Ron del Caribbean Negro 37,5% 0,7 L;MUN16;Rum, Tequila;52.764228;64.9;4;0;134
3744;https://dobrewina.pl/1754/p3744-potok-wysoki-nalewka-zurawinowa-26-05-l.jpg;Potok Wysoki Nalewka Żurawinowa 26% 0,5 L;MUN17;Nalewki, Likiery;48.699187;59.9;2;0;135
3745;https://dobrewina.pl/1746/limoncello-pircher-30-05-l.jpg;Limoncello Pircher 30% 0,5 L;MUN18;Nalewki, Likiery;73.089431;89.9;5;0;136
4128;https://dobrewina.pl/1792/carnivor-zinfandel-075-l.jpg;Carnivor Zinfandel 0,75 L;WWWGL0090;Wino czerwone;64.959350;79.9;15;0;137
5177;https://dobrewina.pl/1780/zestaw-10.jpg;Zestaw 10;Zestaw 10;Zestawy prezentowe;44.634146;54.9;76;0;373
5178;https://dobrewina.pl/1781/zestaw-11.jpg;Zestaw 11;Zestaw 11;Zestawy prezentowe;48.699187;59.9;0;1;374
5179;https://dobrewina.pl/1782/zestaw-12.jpg;Zestaw 12;Zestaw 12;Zestawy prezentowe;48.699187;59.9;100;0;375
5188;https://dobrewina.pl/1809/p5188-drouhin-laroze-gevrey-chambertin-dix-climats-2018.jpg;Drouhin-Laroze Gevrey-Chambertin Dix Climats 2018;CBN0003;Wino czerwone;234.959350;329;25;0;3
5192;https://dobrewina.pl/1814/nero-d-avola-tre-colonne-doc-075-l.jpg;Nero d'Avola Tre Colonne DOC 0,75 L;OSI0001;Wino czerwone;30.000000;36.9;0;1;5
5193;https://dobrewina.pl/1813/p5193-kawa-turati-espresso-italiano-tradizione-1kg.jpg;Kawa Turati Espresso Italiano Tradizione 1kg;MUN19;Kawy;62.520325;76.9;17;0;6
5194;https://dobrewina.pl/1818/p5194-chateau-alouettes-rose-costieres-de-nimes-aop-075-l.jpg;Chateau Alouettes Rose Costieres de Nimes AOP 0,75 L;OFN0003;Wino różowe;32.439024;39.9;129;0;7
5195;https://dobrewina.pl/1819/p5195-pierres-blanches-classique-chardonnay-pays-d-oc-igp-075-l.jpg;Pierres Blanches Classique Chardonnay Pays d'Oc IGP 0,75 L;OFN0004;Wino białe;32.439024;39.9;32;0;8
5196;https://dobrewina.pl/1820/p5196-saveurs-du-temps-rose-costieres-de-nimes-aop-075-l.jpg;Saveurs du Temps Rosé Costieres de Nimes AOP 0,75 L;OFN0005;Wino różowe;32.439024;49.9;193;0;9
5197;https://dobrewina.pl/1821/p5197-domaine-du-petit-romain-rouge-costieres-de-nimes-aop-075-l.jpg;Domaine du Petit Romain Rouge Costieres de Nimes AOP 0,75 L;OFN0006;Wino czerwone;40.569106;64.9;40;0;10
5201;https://dobrewina.pl/1822/p5201-prosecco-pradio-passaparola-spumante-brut-doc-075-l.jpg;Prosecco Pradio Passaparola Spumante Brut DOC 0,75 L;OIV0001;Wino musujące;56.829268;69.9;62;0;11
5202;https://dobrewina.pl/1859/bombardino-pircher-17-07l.jpg;Bombardino Pircher 17% 0,7L;MUN20;Nalewki, Likiery;81.219512;99.9;6;0;12
5203;https://dobrewina.pl/1828/dealberto-lisonja-sauvignon-blanc-do-rueda-075-l.jpg;deAlberto Lisonja Sauvignon Blanc DO Rueda 0,75 L;OCL0001;Wino białe;32.439024;39.9;272;0;13
5204;https://dobrewina.pl/1827/dealberto-lisonja-verdejo-do-rueda-075-l.jpg;deAlberto Lisonja Verdejo DO Rueda 0,75 L;OCL0002;Wino białe;30.000000;49.9;436;0;14
5206;https://dobrewina.pl/1824/p5206-dealberto-finca-valdemoya-tinto-12-meses-vdlt-castilla-y-leon-075-l.jpg;deAlberto Finca Valdemoya Tinto 12 Meses VdlT Castilla y Leon 0,75 L;OCL0004;Wino czerwone;38.130081;46.9;576;0;16
5207;https://dobrewina.pl/1854/bimber-lis-gruszkowy-na-przelaczy-40-05-l.jpg;Bimber Lis Gruszkowy Na Przelaczy 40% 0,5 L;MUN21;Gin, Wódka, Calvados;73.089431;89.9;6;0;17
5209;https://dobrewina.pl/1829/oliwa-terral-arbequina-lagodna-05-l.jpg;Oliwa Terral Arbequina - łagodna 0,5 L;KO0001;Oliwy;49.900000;49.9;31;0;19
5210;https://dobrewina.pl/1830/oliwa-esencial-organic-extra-vergine-05-l.jpg;Oliwa eSencial Organic extra Vergine 0,5 L;KO0003;Oliwy;63.900000;63.9;0;1;20
5212;https://dobrewina.pl/1856/gin-miodula-premium-distilled-40-05l.jpg;Gin Miodula Premium Distilled 40% 0,5L;MUN22;Gin, Wódka, Calvados;81.219512;99.9;4;0;22
5213;https://dobrewina.pl/1860/pina-colada-puerto-rico-casa-hamaca-05l-16.jpg;Pina Colada Puerto Rico Casa Hamaca 0,5L 16%;MUN23;Nalewki, Likiery;44.634146;54.9;5;0;23
5214;https://dobrewina.pl/1857/wodka-polska-miodula-40-05-l.jpg;Wódka Polska Miodula 40% 0,5 L;MUN24;Gin, Wódka, Calvados;73.089431;89.9;3;0;24
5215;https://dobrewina.pl/1855/rum-ron-perla-del-norte-carta-oro-40-07-l.jpg;Rum Ron Perla del Norte Carta Oro 40% 0,7 L;MUN25;Rum, Tequila;104.878049;129;1;0;25
5217;https://dobrewina.pl/1846/loew-jus-sur-baies-vin-orange-alsace-075-l.jpg;Loew Jus Sur Baies Vin Orange Alsace 0,75 L;OFA0001;Wino białe;113.008130;179;19;0;27
5219;https://dobrewina.pl/1848/loew-riesling-ostenberg-alsace-075-l.jpg;Loew Riesling Ostenberg Alsace 0,75 L;OFA0003;Wino białe;113.008130;179;6;0;28
5220;https://dobrewina.pl/1944/loew-riesling-bruderbach-clos-des-freres-alsace-075-l.jpg;Loew Riesling Bruderbach Clos des Freres Alsace 0,75 L;OFA0004;Wino białe;113.008130;179;8;0;29
5221;https://dobrewina.pl/1943/loew-pinot-gris-bruderbach-le-menhir-alsace-075-l.jpg;Loew Pinot Gris Bruderbach Le Menhir Alsace 0,75 L;OFA0005;Wino białe;113.008130;179;1;0;30
5222;https://dobrewina.pl/1849/loew-gewurztraminer-ostenberg-alsace-075-l.jpg;Loew Gewurztraminer Ostenberg Alsace 0,75 L;OFA0006;Wino białe;113.008130;179;0;1;31
5223;https://dobrewina.pl/1942/loew-auxerrois-botrytis-alsace-075-l.jpg;Loew Auxerrois Botrytis Alsace 0,75 L;OFA0007;Wino białe;113.008130;179;44;0;32
5224;https://dobrewina.pl/1893/andre-neveu-le-grand-fricambault-silex-sancerre-075-l.jpg;Andre Neveu Le Grand Fricambault Silex Sancerre 0,75 L;OFL0001;Wino białe;113.008130;139;6;0;33
5225;https://dobrewina.pl/1894/andre-neveu-les-longue-fins-sancerre-075-l.jpg;Andre Neveu Les Longue Fins Sancerre 0,75 L;OFL0002;Wino białe;104.878049;129;15;0;34
5226;https://dobrewina.pl/1838/p5226-san-valero-joven-blanco-macabeo-do-carinena-075-l.jpg;San Valero Joven Blanco Macabeo DO Carinena 0,75 L;OSC001;Wino białe;24.308943;36.9;96;0;35
5227;https://dobrewina.pl/1840/san-valero-joven-tinto-tempranillo-do-carinena-075-l.jpg;San Valero Joven Tinto Tempranillo DO Carinena 0,75 L;OSC002;Wino czerwone;24.308943;36.9;12;0;36
5228;https://dobrewina.pl/1839/p5228-san-valero-joven-rosado-garnacha-do-carinena-075-l.jpg;San Valero Joven Rosado Garnacha DO Carinena 0,75 L;OSC003;Wino różowe;24.308943;36.9;481;0;37
5230;https://dobrewina.pl/1837/san-valero-reserva-tinto-do-carinena-075-l.jpg;San Valero Reserva Tinto DO Carinena 0,75 L;OSC005;Wino czerwone;32.439024;49.9;236;0;38
5231;https://dobrewina.pl/1834/p5231-bio-vergel-blanco-dop-alicante-075-l.jpg;Bio Vergel Blanco DOP Alicante 0,75 L;WBWHSPIN21304;Wino białe;32.439024;39.9;45;0;39
5232;https://dobrewina.pl/1874/jaffelin-cremant-de-bourgogne-rose-brut-075-l.jpg;Jaffelin Cremant de Bourgogne Rose Brut 0,75 L;CBC0004;Wino musujące;73.089431;89.9;62;0;40
5233;https://dobrewina.pl/1852/chateau-gachon-montagne-saint-emilion-aoc-075l.jpg;Chateau Gachon Montagne Saint-Emilion AOC 0,75L;WCWFADIV22342;Wino czerwone;73.089431;89.9;0;1;41
5235;https://dobrewina.pl/1917/cuatro-rayas-cuarenta-vendimias-sauvignon-blanc-do-rueda-075-l.jpg;Cuatro Rayas Cuarenta Vendimias Sauvignon Blanc DO Rueda 0,75 L;OSR004;Wino białe;40.569106;59.9;8;0;43
5237;https://dobrewina.pl/1845/austro-grillo-tre-colonne-sicilia-dop-075-l.jpg;Austro Grillo Tre Colonne Sicilia DOP 0.75 L;OIS001;Wino białe;30.000000;36.9;60;0;45
5238;https://dobrewina.pl/1842/p5238-ca-del-moro-fantello-montepulciano-d-abruzzo-dop-075-l.jpg;Ca del Moro Fantello Montepulciano d'Abruzzo DOP 0,75 L;OIA001;Wino czerwone;32.439024;39.9;37;0;46
5240;https://dobrewina.pl/1844/p5240-negroamaro-otto-nodi-salento-igp-075-l.jpg;Negroamaro Otto Nodi Salento IGP 0,75 L;OIP001;Wino czerwone;32.439024;39.9;72;0;48
5248;https://dobrewina.pl/1888/bollinger-champagne-special-cuvee-075-l.jpg;Bollinger Champagne Special Cuvée 0,75 L;OFC001;Wino musujące;243.089431;299;6;0;52
5249;https://dobrewina.pl/1900/noughty-blanc-non-alcoholic-thomson-scott-075-l.jpg;Noughty Blanc Non-Alcoholic Thomson & Scott 0,75 L;OBA002;Wino bezalkoholowe;77.154472;94.9;3;0;53
5250;https://dobrewina.pl/1901/noughty-rose-non-alcoholic-thomson-scott-075-l.jpg;Noughty Rose Non-Alcoholic Thomson & Scott 0,75 L;OBA003;Wino bezalkoholowe;77.154472;94.9;8;0;54
5251;https://dobrewina.pl/1902/noughty-rouge-non-alcoholic-thomson-scott-075-l.jpg;Noughty Rouge Non-Alcoholic Thomson & Scott 0,75 L;OBA001;Wino bezalkoholowe;77.154472;94.9;9;0;55
5252;https://dobrewina.pl/1903/noughty-sparkling-blanc-non-alcoholic-thomson-scott-075-l.jpg;Noughty Sparkling Blanc Non-Alcoholic Thomson & Scott 0,75 L;OBA004;Wino bezalkoholowe;64.959350;79.9;0;1;56
5253;https://dobrewina.pl/1904/noughty-sparkling-rose-non-alcoholic-thomson-scott-075-l.jpg;Noughty Sparkling Rose Non-Alcoholic Thomson & Scott 0,75 L;OBA005;Wino bezalkoholowe;64.959350;79.9;0;1;57
5254;https://dobrewina.pl/1881/p5254-marlborough-sun-sauvignon-rose-075-l.jpg;Marlborough Sun Sauvignon Rose 0,75 L;ONZ002;Wino różowe;56.829268;69.9;5;0;58
5255;https://dobrewina.pl/1880/marlborough-sun-sauvignon-blanc-075-l.jpg;Marlborough Sun Sauvignon Blanc 0,75 L;ONZ001;Wino białe;56.829268;69.9;4;0;59
5256;https://dobrewina.pl/1945/masottina-prosecco-contradagranda-valdobbiadene-superiore-extra-dry-075-l.jpg;Masottina Prosecco ContradaGranda Valdobbiadene Superiore Extra Dry 0,75 L;OIV0003;Wino musujące;64.959350;79.9;2;0;60
5257;https://dobrewina.pl/1882/marlborough-sun-sauvignon-blanc-bubbles-075-l.jpg;Marlborough Sun Sauvignon Blanc Bubbles 0,75 L;ONZ003;Wino musujące;64.959350;79.9;0;1;61
5258;https://dobrewina.pl/1907/charly-nicolle-chablis-ante-mcmlxxx-075-l.jpg;Charly Nicolle Chablis Ante MCMLXXX 0,75 L;OFC0001;Wino białe;104.878049;159;0;1;62
5260;https://dobrewina.pl/1898/la-posta-glorieta-pinot-noir-laura-catena-mendoza-075-l.jpg;La Posta Glorieta Pinot Noir Laura Catena Mendoza 0,75 L;OAM001;Wino czerwone;56.829268;69.9;1;0;64
5262;https://dobrewina.pl/1905/viu-manent-chardonnay-gran-reserva-colchagua-075-l.jpg;Viu Manent Chardonnay Gran Reserva Colchagua 0,75 L;OCH0002;Wino białe;48.699187;59.9;26;0;65
5263;https://dobrewina.pl/1891/casas-del-bosque-sauvignon-blanc-reserva-casablanca-075-l.jpg;Casas del Bosque Sauvignon Blanc Reserva Casablanca 0,75 L;OCH0004;Wino białe;40.569106;49.9;79;0;66
5265;https://dobrewina.pl/1892/casas-del-bosque-pinot-noir-reserva-casablanca-075-l.jpg;Casas del Bosque Pinot Noir Reserva Casablanca 0,75 L;OCH0005;Wino czerwone;40.569106;49.9;14;0;67
5266;https://dobrewina.pl/1887/rethink-riesling-mosel-075-l.jpg;Rethink Riesling Mosel 0,75 L;ONM001;Wino białe;46.260163;56.9;26;0;68
5267;https://dobrewina.pl/1883/campo-da-vinha-vinho-verde-075-l.jpg;Campo da Vinha Vinho Verde 0,75 L;OPV001;Wino białe;30.000000;36.9;13;0;69
5268;https://dobrewina.pl/1954/esteban-martin-garnacha-syrah-carinena-075-l.jpg;Esteban Martin Garnacha-Syrah Carinena 0,75 L;OHC001;Wino czerwone;30.000000;36.9;37;0;70
5269;https://dobrewina.pl/1951/corte-al-passo-primitivo-puglia-diciotto-gradi-18.jpg;Corte al Passo Primitivo Puglia Diciotto Gradi 18%;OIP0001;Wino czerwone;64.959350;79.9;1;0;71
5271;https://dobrewina.pl/1906/viu-manent-malbec-reserva-colchagua-075-l.jpg;Viu Manent Malbec Reserva Colchagua 0,75 L;OCH0001;Wino czerwone;35.691057;43.9;13;0;72
5272;https://dobrewina.pl/1884/porto-feuerheerds-ruby-port-195-075-l.jpg;Porto Feuerheerd´s Ruby Port 19,5% 0,75 L;OPP003;Wino wzmacniane/deserowe;44.634146;54.9;14;0;73
5273;https://dobrewina.pl/1886/porto-feuerheerds-tawny-portvin-195-075-l.jpg;Porto Feuerheerd´s Tawny Portvin 19,5% 0,75 L;OPP001;Wino wzmacniane/deserowe;48.699187;59.9;20;0;74
5274;https://dobrewina.pl/1885/porto-feuerheerds-white-port-195-075-l.jpg;Porto Feuerheerd´s White Port 19,5% 0,75 L;OPP002;Wino wzmacniane/deserowe;44.634146;54.9;0;1;75
5278;https://dobrewina.pl/1908/p5278-chateau-beychevelle-saint-julien-2016.jpg;Chateau Beychevelle Saint-Julien 2016;CME0010;Wino czerwone;690.243902;899;5;0;76
5281;https://dobrewina.pl/1911/p5281-chateau-canon-saint-emillion-1er-grand-cru-2017.jpg;Chateau Canon Saint-Emillion 1er Grand Cru 2017;CSE0001;Wino czerwone;535.772358;699;1;0;78
5294;https://dobrewina.pl/1932/p5294-jessiaume-maison-santenay-blanc.jpg;Jessiaume Maison Santenay Blanc;CBB0035;Wino białe;121.138211;189;1;0;87
5298;https://dobrewina.pl/1940/p5298-lamy-pillot-saint-aubin-1er-cru-le-charmois-blanc-2018.jpg;Lamy-Pillot Saint Aubin 1er Cru Le Charmois Blanc 2018;CBB0031;Wino białe;202.439024;279;0;1;89
5302;https://dobrewina.pl/1949/p5302-vincent-morey-santenay-les-hates-2018.jpg;Vincent Morey Santenay Les Hates 2018;CBB0011;Wino czerwone;137.398374;199;0;1;92
5303;https://dobrewina.pl/1952/vincent-morey-santernay-1er-cru-beaurepaire-blanc-2019.jpg;Vincent Morey Santernay 1er Cru Beaurepaire Blanc 2019;CBB0036;Wino białe;178.048780;249;13;0;0
5305;https://dobrewina.pl/2035/moet-chandon-brut-imperial-075-l.jpg;Moet & Chandon Brut Imperial 0,75 L;OFC002;Wino musujące;210.569106;259;18;0;0
5306;https://dobrewina.pl/1957/viu-manent-malbec-san-carlos-single-vineyard-075-l.jpg;Viu Manent Malbec San Carlos Single Vineyard 0,75 L;OCH0003;Wino czerwone;64.959350;79.9;6;0;0
5308;https://dobrewina.pl/1959/schmitt-sohne-gewurztraminer-rheinhessen-075-l.jpg;Schmitt Sohne Gewurztraminer Rheinhessen 0,75 L;ONH002;Wino białe;40.569106;49.9;120;0;0
5309;https://dobrewina.pl/1960/viu-manent-chardonnay-reserva-colchagua-075-l.jpg;Viu Manent Chardonnay Reserva Colchagua 0,75 L;OCH0006;Wino białe;35.691057;43.9;36;0;0
5310;https://dobrewina.pl/1961/tenuta-valleselle-rovertondo-valpolicella-ripasso-superiore-tinazzi-075-l.jpg;Tenuta Valleselle Rovertondo Valpolicella Ripasso Superiore Tinazzi 0,75 L;OIV0004;Wino czerwone;88.617886;139;18;0;0
5311;https://dobrewina.pl/1963/miodula-staropolska-05-l-40.jpg;Miodula Staropolska 0,5 L 40%;MUN26;Nalewki, Likiery;73.089431;89.9;0;1;0
5312;https://dobrewina.pl/1962/unicum-zwack-07-l-40.jpg;Unicum Zwack 0,7 L 40%;MUN34;Nalewki, Likiery;96.747967;119;5;0;0
5313;https://dobrewina.pl/1965/miodula-prezydencka-oryginalna-lezakowana-05-l-40-box-2-kiel.jpg;Miodula Prezydencka Oryginalna Leżakowana 0,5 L 40 % Box + 2 kiel.;MUN30;Nalewki, Likiery;178.048780;219;2;0;0
5314;https://dobrewina.pl/1967/wh-hunter-laing-blended-malt-scotch-islay-journey-46-07-l.jpg;Wh. Hunter Laing Blended Malt Scotch - Islay Journey 46% 0,7 L;MUN28;Whisky, Whiskey, Bourbon;145.528455;179;4;0;0
5315;https://dobrewina.pl/1966/wh-wild-fields-original-single-grain-polish-whisky-44-07-l.jpg;Wh. Wild Fields Original Single Grain Polish Whisky 44% 0,7 L;MUN29;Whisky, Whiskey, Bourbon;145.528455;179;4;0;0
5316;https://dobrewina.pl/1996/migdal-w-czekoladzie-80g.jpg;Migdał w czekoladzie 80g;Laro1;Inne specjały;13.739837;16.9;0;1;0
5317;https://dobrewina.pl/1979/el-enemigo-cabernet-franc-mendoza-075-l.jpg;El Enemigo Cabernet Franc Mendoza 0,75 L;OAM003;Wino czerwone;96.747967;119;0;1;0
5318;https://dobrewina.pl/1980/el-enemigo-malbec-mendoza-075-l.jpg;El Enemigo Malbec Mendoza 0,75 L;OAM004;Wino czerwone;96.747967;119;0;1;0
5319;https://dobrewina.pl/1981/chateau-piada-barsac-sauternes-075-l.jpg;Chateau Piada Barsac-Sauternes 0,75 L;OFB0001;Wino białe;104.878049;129;0;1;0
5320;https://dobrewina.pl/1978/bailly-lapierre-cremant-de-bourgogne-chardonnay-075-l.jpg;Bailly-Lapierre Cremant de Bourgogne Chardonnay 0,75 L;OFG0002;Wino musujące;73.089431;89.9;18;0;0
5322;https://dobrewina.pl/1976/serre-dei-roveri-piemonte-barbera-passito-075-l.jpg;Serre dei Roveri Piemonte Barbera Passito 0,75 L;OII0004;Wino czerwone;56.829268;69.9;18;0;0
5323;https://dobrewina.pl/1975/barolo-ludo-luigi-einaudi-2017.jpg;Barolo Ludo Luigi Einaudi 2017;OII0005;Wino czerwone;137.398374;169;11;0;0
5324;https://dobrewina.pl/1974/tenuta-valleselle-aureum-acinum-amarone-della-valpolicella-tinazzi-075-l.jpg;Tenuta Valleselle Aureum Acinum Amarone della Valpolicella Tinazzi 0,75 L;OIV0005;Wino czerwone;161.788618;249;1;0;0
5327;https://dobrewina.pl/1971/brunello-di-montalcino-san-biagio-camigliano-eco-075-l.jpg;Brunello di Montalcino San Biagio, Camigliano Eco 0,75 L;OIT0010;Wino czerwone;121.138211;149;0;1;0
5328;https://dobrewina.pl/1970/villa-burklin-riesling-pfalz-dr-burklin-wolf-eco-075-l.jpg;Villa Burklin Riesling Pfalz Dr. Burklin-Wolf Eco 0,75 L;ONP0001;Wino białe;64.959350;79.9;16;0;0
5330;https://dobrewina.pl/1984/cava-valdeorite-brut-nature-075-l.jpg;Cava Valdeorite Brut Nature 0,75 L;OHA001;Wino musujące;32.439024;39.9;218;0;0
5331;https://dobrewina.pl/1985/cava-valdeorite-brut-075-l.jpg;Cava Valdeorite Brut 0,75 L;OHA002;Wino musujące;32.439024;39.9;250;0;0
5332;https://dobrewina.pl/1986/cava-valdeorite-semi-seco-075-l.jpg;Cava Valdeorite Semi Seco 0,75 L;OHA003;Wino musujące;32.439024;39.9;336;0;0
5334;https://dobrewina.pl/1990/limoncello-149-05-l.jpg;Limoncello 14,9% 0,5 L;MUN33;Nalewki, Likiery;24.308943;29.9;4;0;0
5335;https://dobrewina.pl/1992/wh-scarabus-batch-strenght-islay-single-malt-scotch-whisky-07-l-57.jpg;Wh. Scarabus Batch Strenght Islay Single Malt Scotch Whisky 0,7 L 57%;MUN32;Whisky, Whiskey, Bourbon;218.699187;269;3;0;0
5337;https://dobrewina.pl/1988/pierres-blanches-classique-viognier-pays-d-oc-igp-075-l.jpg;Pierres Blanches Classique Viognier Pays d'Oc IGP 0,75 L;OFN0008;Wino białe;32.439024;39.9;175;0;0
5338;https://dobrewina.pl/1991/p5338-wh-hunter-laing-blended-malt-scotch-highland-journey-46-07-l.jpg;Wh. Hunter Laing Blended Malt Scotch - Highland Journey 46% 0,7 L;MUN08;Whisky, Whiskey, Bourbon;145.528455;179;3;0;0
5339;https://dobrewina.pl/2008/chateau-bois-mondont-2015-cru-bourgeois-medoc-aoc-075-l.jpg;Chateau Bois Mondont 2015 Cru Bourgeois Medoc AOC 0,75 L;OFB0009;Wino czerwone;73.089431;89.9;0;1;0
5340;https://dobrewina.pl/1993/chateau-haut-brisson-lagrave-2018-grand-cru-saint-emilion-aoc-075-l.jpg;Chateau Haut-Brisson Lagrave 2018 Grand Cru Saint Emilion AOC 0,75 L;OFB0006;Wino czerwone;113.008130;139;6;0;0
5341;https://dobrewina.pl/1994/chateau-le-rey-les-argileuses-2021-castillon-aoc-075-l.jpg;Chateau Le Rey - les Argileuses 2021 Castillon AOC 0,75 L;OFB0007;Wino czerwone;81.219512;119;5;0;0
5342;https://dobrewina.pl/1997/chateau-franc-maillet-2019-pomerol-aoc-075-l.jpg;Chateau Franc Maillet 2019 Pomerol AOC 0,75 L;OFB0008;Wino czerwone;153.658537;189;5;0;0
5343;https://dobrewina.pl/1998/zestaw-2.jpg;Zestaw 2;Zestaw 2;Zestawy prezentowe;51.138211;62.9;5;0;399
5344;https://dobrewina.pl/2000/cuvee-blanc-terrier-blanc-pays-d-oc-igp-075-l.jpg;Cuvee Blanc Terrier Blanc Pays d'Oc IGP 0,75 L;OFM0001;Wino białe;28.373984;34.9;70;0;0
5345;https://dobrewina.pl/2002/cuvee-blanc-terrier-rose-pays-d-oc-igp-075-l.jpg;Cuvee Blanc Terrier Rose Pays d'Oc IGP 0,75 L;OFM0002;Wino różowe;28.373984;34.9;85;0;0
5346;https://dobrewina.pl/2001/cuvee-blanc-terrier-rouge-pays-d-oc-igp-075-l.jpg;Cuvee Blanc Terrier Rouge Pays d'Oc IGP 0,75 L;OFM0003;Wino czerwone;28.373984;34.9;0;1;0
5347;https://dobrewina.pl/2003/rafale-muscat-sec-cotes-catalans-igp-075-l.jpg;Rafale Muscat Sec Cotes Catalans IGP 0,75 L;OFM0004;Wino białe;32.439024;39.9;68;0;0
5348;https://dobrewina.pl/2004/les-orris-saint-pierre-moelleux-blanc-cotes-catalans-igp-075-l.jpg;Les Orris Saint Pierre Moelleux Blanc Cotes Catalans IGP 0,75 L;OFM0005;Wino białe;38.130081;46.9;126;0;0
5349;https://dobrewina.pl/2006/la-pinede-rouge-la-clape-aop-075-l.jpg;La Pinede Rouge La Clape AOP 0,75 L;OFM0006;Wino czerwone;38.130081;46.9;28;0;0
5350;https://dobrewina.pl/2005/chateau-ponteilla-rouge-reserve-cotes-du-roussillon-aop-075-l.jpg;Chateau Ponteilla Rouge Reserve Cotes du Roussillon AOP 0,75 L;OFM0007;Wino czerwone;38.130081;59.9;62;0;0
5351;https://dobrewina.pl/1999/barbanera-aglianico-primitivo-puglia-igt-075-l.jpg;Barbanera Aglianico-Primitivo Puglia IGT 0,75 L;OIP0003;Wino czerwone;32.439024;39.9;0;1;0
5352;https://dobrewina.pl/2011/kartonik-s1-zloty.jpg;Kartonik S1 złoty;XKS1SZ;Opakowania;8.048780;9.9;2;0;0
5353;https://dobrewina.pl/2015/jaffelin-ladoix-blanc-2020-075-l.jpg;Jaffelin Ladoix Blanc 2020 0,75 L;CBB0046;Wino białe;145.528455;199;36;0;0
5354;https://dobrewina.pl/2016/kartonik-nw2-zamykany-granatowy-kol-7.jpg;Kartonik NW2 zamykany granatowy kol. 7;XKZ2NIER;Opakowania;16.178861;19.9;44;0;0
5355;https://dobrewina.pl/2018/fragolino-morando-rosso-075-l.jpg;Morando Fragolino Rosso 0,75 L;OIT0011;Wino musujące;24.308943;39.9;440;0;0
5356;https://dobrewina.pl/2017/lambrusco-morando-rosso-075-l.jpg;Morando Lambrusco Rosso 0,75 L;OIT0012;Wino musujące;24.308943;39.9;483;0;0
5357;https://dobrewina.pl/2019/pesca-morando-spumante-075-l.jpg;Morando Pesca Spumante 0,75 L;OIT0013;Wino musujące;24.308943;39.9;476;0;0
5358;https://dobrewina.pl/2022/domaine-de-rossignole-sancerre-075-l.jpg;Domaine de Rossignole Sancerre 0,75 L;OFL0004;Wino białe;96.747967;119;42;0;0
5359;https://dobrewina.pl/2023/altos-de-valdoso-roble-ribera-del-duero-doc-075-l.jpg;Altos de Valdoso Roble Ribera del Duero DOC 0,75 L;OHC002;Wino czerwone;48.699187;59.9;29;0;0
5360;https://dobrewina.pl/2024/pesquera-crianza-ribera-del-duero-doc-075-l.jpg;Pesquera Crianza Ribera del Duero DOC 0,75 L;OHC003;Wino czerwone;113.008130;139;4;0;0
5361;https://dobrewina.pl/2020/tio-pio-covagota-tinto-vdlt-castilla-075-l.jpg;Tio Pio Covagota Tinto VdlT Castilla 0,75 L;OSC006;Wino czerwone;24.308943;29.9;490;0;0
5362;https://dobrewina.pl/2021/tio-pio-syrah-canada-de-belen-vdlt-castilla-075-l.jpg;Tio Pio Syrah Canada de Belen VdlT Castilla 0,75 L;OSC007;Wino czerwone;30.000000;49.9;522;0;0
5363;https://dobrewina.pl/2025/de-conti-appassimento-rosso-puglia-igt-075-l.jpg;De Conti Appassimento Rosso Puglia IGT 0,75 L;OIP0004;Wino czerwone;46.260163;69.9;391;0;0
5364;https://dobrewina.pl/2032/chateauneuf-du-pape-domaine-tour-saint-michel-075-l.jpg;Chateauneuf-du-Pape Domaine Tour Saint Michel 0,75 L;OFR0001;Wino czerwone;96.747967;119;30;0;0
5365;https://dobrewina.pl/2033/chateauneuf-du-pape-domaine-tour-saint-michel-cuvee-deux-soeurs-075-l.jpg;Chateauneuf-du-Pape Domaine Tour Saint Michel Cuvee Deux Soeurs 0,75 L;OFR0002;Wino czerwone;113.008130;139;17;0;0
5366;https://dobrewina.pl/2028/champagne-douard-christian-tradition-brut-075-l.jpg;Champagne Douard Christian Tradition Brut 0,75 L;OFC004;Wino musujące;121.138211;149;13;0;0
5367;https://dobrewina.pl/2031/barolo-castello-cantina-terre-del-barolo-2011.jpg;Barolo Castello Cantina Terre del Barolo 2011;OII0006;Wino czerwone;104.878049;129;17;0;0
5368;https://dobrewina.pl/2036/rosso-di-montalcino-cordella-eco-075-l.jpg;Rosso di Montalcino Cordella Eco 0,75 L;OIT0014;Wino czerwone;56.829268;69.9;1;0;0
5369;https://dobrewina.pl/2027/brunello-di-montalcino-bio-cordella-075-l.jpg;Brunello di Montalcino Bio Cordella 0,75 L;OIT0015;Wino czerwone;113.008130;139;0;1;0
5370;https://dobrewina.pl/2029/brunello-di-montalcino-argiano-2017-075-l.jpg;Brunello di Montalcino Argiano 2017 0,75 L;OIT0016;Wino czerwone;161.788618;199;0;1;0
5371;https://dobrewina.pl/2037/quinta-do-vallado-late-bottled-vintage-2016-porto-075-l.jpg;Quinta do Vallado Late Bottled Vintage 2016 Porto 0,75 L;OPP004;Wino wzmacniane/deserowe;73.089431;89.9;34;0;0
5372;https://dobrewina.pl/2043/cachaca-51-40-07l.jpg;Cachaca 51 40% 0,7L;MUN37;Rum, Tequila;73.089431;89.9;5;0;0
5373;https://dobrewina.pl/2040/polowaca-herbaciana-goralska-05-l-36.jpg;Polowaca Herbaciana Góralska 0,5 L 36%;MUN31;Nalewki, Likiery;48.699187;59.9;3;0;0
5374;https://dobrewina.pl/2039/polowaca-orzechowka-goralska-05-l-32.jpg;Polowaca Orzechówka Góralska 0,5 L 32%;MUN38;Nalewki, Likiery;40.569106;49.9;3;0;0
5375;https://dobrewina.pl/2041/cognac-vs-grand-moulin-07-l-40.jpg;Cognac V.S. Grand Moulin 0,7 L 40%;MUN39;Cognac, Brandy, Armagnac;113.008130;139;3;0;0
5376;https://dobrewina.pl/2042/rum-ron-perla-del-norte-carta-blanca-40-07-l.jpg;Rum Ron Perla del Norte Carta Blanca 40% 0,7 L;MUN41;Rum, Tequila;81.219512;99.9;6;0;0
5377;https://dobrewina.pl/2038/polowaca-sliwowica-goralska-05-l-50.jpg;Polowaca Śliwowica Góralska 0,5 L 50%;MUN42;Nalewki, Likiery;64.959350;79.9;4;0;0
5378;https://dobrewina.pl/2044/sambuca-extra-molinari-no1-05l-40.jpg;Sambuca Extra Molinari No1 0,5L 40%;MUN43;Nalewki, Likiery;69.024390;84.9;5;0;0
83;https://dobrewina.pl/844/koreczki-warzywne-w-zalewie-octowej-140g.jpg;Koreczki warzywne w zalewie octowej 140g;DKA300743;Inne specjały;10.900000;10.9;0;1;268
87;https://dobrewina.pl/1776/sensas-sauvignon-colombard-igp-075-l.jpg;Sensas Sauvignon Colombard IGP 0,75 L;WBWFALGI13383;Wino białe;32.439024;39.9;0;1;237
128;https://dobrewina.pl/878/kuferek-lakierowany-granatowy.jpg;Kuferek lakierowany granatowy;Xkuferlakgranat;Opakowanie tekturowe;2.357724;2.9;0;1;299
142;https://dobrewina.pl/183/noble-blason-cabernet-merlot.jpg;Noble Blason Cabernet Merlot IGP 0,75 L;WCWFALGI13528;Wino czerwone;32.439024;49.9;0;1;240
181;https://dobrewina.pl/820/oliwa-z-oliwek-extra-virgin-coricelli-025-l.jpg;Oliwa Sierra de Cazorla Virgen Extra DOP 0,75L;DVO75V1004;Oliwy;39.900000;39.9;0;1;263
213;https://dobrewina.pl/793/dzem-ekstra-light-pomaranczowo-cytrynowo-grejpfrutowy-320g.jpg;Dżem ekstra light pomarańczowo-cytrynowo-grejpfrutowy 320G;DLG28013;Konfitury;16.900000;16.9;7;0;280
214;https://dobrewina.pl/807/konfitura-ekstra-z-cebuli-150g.jpg;Konfitura ekstra z cebuli 150G;DLG52160;Konfitury;9.900000;9.9;0;1;271
215;https://dobrewina.pl/809/konfitura-ekstra-z-fig-150g.jpg;Konfitura ekstra z fig 150G;DLG52161;Konfitury;11.900000;11.9;0;1;272
219;https://dobrewina.pl/794/dzem-z-czarnej-porzeczki-cassis-320g.jpg;Dżem z czarnej porzeczki - Cassis 320g;DLG25110;Konfitury;24.900000;24.9;0;1;292
235;https://dobrewina.pl/1158/borges-ruby.jpg;Porto Borges Ruby DOC 0,75 L;WWSPRBOG00532;Wino wzmacniane/deserowe;46.260163;56.9;0;1;252
265;https://dobrewina.pl/798/dzem-z-pomaraczy-320g.jpg;Dżem z pomarańczy 320g;DLG25098;Konfitury;16.900000;16.9;0;1;282
443;https://dobrewina.pl/464/gutt-peper-vodka-40-07l.jpg;Gutt Peper Vodka 40% 0,7L;GUTT002;Gin, Wódka, Calvados;81.219512;119;0;1;288
445;https://dobrewina.pl/796/dzem-z-mango-i-marakui-320g.jpg;Dżem z mango i marakui 320g;DLG25162;Konfitury;19.900000;19.9;0;1;283
456;https://dobrewina.pl/966/montenero-primitivo-puglia-igt-075-l.jpg;Montenero Primitivo Puglia IGT 0,75 L;WCWWOBIE21856;Wino czerwone;38.130081;59.9;0;1;254
458;https://dobrewina.pl/1950/bio-vinistella-pinot-grigio-organico-terre-siciliane-igt-075-l.jpg;Bio Vinistella Pinot Grigio Organico Terre Siciliane IGT 0,75 L;WBWWOBIE21854;Wino BIO/Wegańskie;40.569106;49.9;0;1;253
476;https://dobrewina.pl/494/la-marina-cuvee-rouge-igp-075-l.jpg;La Marina Cuvee Rouge IGP 0,75 L;WCWFADDM21853;Wino czerwone;32.439024;49.9;0;1;235
491;https://dobrewina.pl/808/konfitura-z-czarnych-czeresni-155g.jpg;Konfitura z czarnych czereśni 155g;DLG52162;Konfitury;9.900000;9.9;0;1;273
621;https://dobrewina.pl/638/carta-vieja-cabernet-sauvignon-reserva-075-l.jpg;Carta Vieja Cabernet Sauvignon Reserva 0,75 L;WCWCIVCV03390;Wino czerwone;46.260163;56.9;0;1;232
634;https://dobrewina.pl/651/hausmann-rivaner-bereich-nahetal-1-l.jpg;Hausmann Rivaner Bereich Nahetal 1 L;WBMNEDGS20990;Wino białe;32.439024;39.9;0;1;244
666;https://dobrewina.pl/1107/gruner-veltliner-heuriger-qualitatswein-1-l.jpg;"Gruner Veltliner ""Heuriger"" Winzer Krems Qualitatswein 1 L";WBWATWNK21222;Wino białe;38.130081;46.9;0;1;230
693;https://dobrewina.pl/773/p693-kartonik-2-but-bialy-okna.jpg;Kartonik 2 but. biały okna;XK2WW;Opakowanie tekturowe;3.170732;3.9;0;1;0
724;https://dobrewina.pl/732/haute-lige-alicante-bouschet-igp-075-l.jpg;Haute Lige Alicante Bouschet IGP 0,75 L;WCWFALGI21976;Wino czerwone;28.373984;44.9;0;1;301
730;https://dobrewina.pl/856/dzem-z-czarnych-wisni-320g.jpg;Dżem z czarnych wiśni 320g;DLG25140;Konfitury;23.900000;23.9;0;1;303
733;https://dobrewina.pl/858/dzem-z-jablek-z-maslem-i-sola-z-guerande-350g.jpg;Dżem z jabłek z masłem i solą z Guerande 320g;DLG25172;Konfitury;18.900000;18.9;0;1;305
735;https://dobrewina.pl/848/tapenada-z-czarnych-oliwek-100g.jpg;Tapenada z czarnych oliwek 100g;DLG65016;Tapenada;11.900000;11.9;0;1;307
739;https://dobrewina.pl/862/foie-gras-w-calosci-z-kaczek-francuskich-180g.jpg;Foie gras w całości z kaczek francuskich 180g;DLG43343;Pasztety;109.000000;109;0;1;308
741;https://dobrewina.pl/759/zestaw-1.jpg;Zestaw 1;Zestaw 1;Zestawy prezentowe;56.829268;69.9;0;1;309
747;https://dobrewina.pl/857/dzem-z-dzikich-jezyn-320g.jpg;Dżem z dzikich jeżyn 320g;DLG25113;Konfitury;26.900000;26.9;0;1;316
1282;https://dobrewina.pl/1187/torebka-papierowa-niebieska-laminowana-12x75x36.jpg;Torebka papierowa niebieska laminowana 12x7,5x36;XTO2N;Opakowanie tekturowe;6.900000;6.9;0;1;209
1283;https://dobrewina.pl/1190/torebka-papierowa-biala-a5-laminowana-20x15x50.jpg;Torebka papierowa biała A5 laminowana 20x15x50;XTO2B;Opakowanie tekturowe;9.900000;9.9;0;1;210
2035;https://dobrewina.pl/1192/zestaw-3.jpg;Zestaw 3;Zestaw 3;Zestawy prezentowe;62.520325;76.9;0;1;321
2057;https://dobrewina.pl/1217/appasionante-rosso-veneto-igt-075-l.jpg;Appasionante Rosso Veneto IGT 0,75 L;WCWWOCIE22286;Wino czerwone;40.569106;49.9;0;1;327
2068;https://dobrewina.pl/1228/cielo-sauvignon-trevenezie-igt-075-l.jpg;Cielo Sauvignon Trevenezie IGT 0,75 L;WBWWOCIE22283;Wino białe;24.308943;29.9;0;1;331
2078;https://dobrewina.pl/1238/entre-serras-tinto-doc-beira-interior-075-l.jpg;Entre Serras Tinto DOC Beira Interior 0,75 L;WCWPRSAB22320;Wino czerwone;28.373984;44.9;0;1;338
2085;https://dobrewina.pl/1244/chateau-l-etoile-de-clotte-grand-cru-saint-emilion-aoc-075-l.jpg;Chateau L'Etoile de Clotte Grand Cru Saint-Emilion AOC 0,75 L;OSE0001;Wino czerwone;104.878049;129;0;1;339
2135;https://dobrewina.pl/1311/p2135-sensas-pinot-noir-075-l.jpg;Sensas Pinot Noir 0,75 L;WCWFALGI14298;Wino czerwone;32.439024;49.9;0;1;203
2150;https://dobrewina.pl/1314/the-capeography-cloudscape-sauvignon-blanc-075-l.jpg;The Capeography Cloudscape Sauvignon Blanc 0,75 L;WBWRABOU22717;Wino białe;32.439024;49.9;0;1;206
2157;https://dobrewina.pl/1322/konfitura-bozonarodzeniowa-320g.jpg;Konfitura Bożonarodzeniowa 320g;DLG25114;Konfitury;14.900000;14.9;0;1;349
2161;https://dobrewina.pl/1327/chateau-de-mauny-cabernet-d-anjou-aoc-075-l.jpg;Chateau de Mauny Cabernet d'Anjou AOC 0,75 L;WRWFALOR22867;Wino różowe;38.130081;46.9;0;1;351
2178;https://dobrewina.pl/1337/chevalier-des-fees-gsm-igp-075-l.jpg;Chevalier des Fees GSM IGP 0,75 L;WCWFALGI22726;Wino czerwone;32.439024;39.9;0;1;356
2185;https://dobrewina.pl/1358/p2185-pesto-genovese-180g.jpg;Pesto genovese 180g;DNS0250;Pesto;9.900000;9.9;0;1;193
2186;https://dobrewina.pl/1359/p2186-pesto-rosso-180g.jpg;Pesto rosso 180g;DNS0251;Pesto;9.500000;9.5;0;1;194
2187;https://dobrewina.pl/1360/p2187-pesto-z-truflami-180g.jpg;Pesto z truflami 180g;DNS0252;Pesto;13.900000;13.9;0;1;195
2192;https://dobrewina.pl/1365/p2192-krem-z-grzybow-180g.jpg;Krem z grzybów 180g;DNS0124;Inne specjały;12.900000;12.9;0;1;196
2193;https://dobrewina.pl/1366/p2193-konfitura-z-cebuli-czerwonej-220g.jpg;Konfitura z cebuli czerwonej 220g;DNS0148;Konfitury;15.900000;15.9;0;1;197
2194;https://dobrewina.pl/1367/p2194-pesto-alla-siciliana-180g.jpg;Pesto alla siciliana 180g;DNS0390;Pesto;9.500000;9.5;0;1;198
2195;https://dobrewina.pl/1368/p2195-pesto-alla-calabrese-180g.jpg;Pesto alla calabrese 180g;DNS0395;Pesto;9.500000;9.5;0;1;199
2196;https://dobrewina.pl/1369/p2196-krem-truflowy-180g.jpg;Krem truflowy 180g;DNS0123;Trufla;16.900000;16.9;0;1;200
2207;https://dobrewina.pl/1377/grawerowanie-logo.jpg;Grawerowanie LOGO;Grawerowanie;Strona główna;6.504065;8;0;1;361
2208;https://dobrewina.pl/1378/koszt-realizacji.jpg;Koszt realizacji;koszt;Strona główna;24.390244;30;0;1;362
2209;https://dobrewina.pl/1379/opakowanie-transportowe.jpg;opakowanie transportowe;opakowanie;Strona główna;0.000000;0;0;1;363
2210;https://dobrewina.pl/1380/p2210-chateau-beauvillage-medoc-aoc-075-l.jpg;Chateau Beauvillage Medoc AOC 0,75 L;WCWFADIV22773;Wino czerwone;64.959350;99.9;0;1;202
2217;https://dobrewina.pl/1386/barbera-d-asti-superiore-il-tempo-che-passa-docg-075-l.jpg;Barbera d'Asti Superiore IL tempo che passa DOCG 0,75 L;WCWWOALI22963;Wino czerwone;88.617886;109;0;1;153
2227;https://dobrewina.pl/1402/p2227-posta-piana-salice-salentino-dop-075-l.jpg;Posta Piana Salice Salentino DOP 0,75 L;WCWWOPDS22977;Wino czerwone;48.699187;59.9;0;1;161
2230;https://dobrewina.pl/1400/p2230-angel-primo-nero-di-troia-puglia-igp-075-l.jpg;Angel Primo Nero di Troia Puglia IGP 0,75 L;WCWWOPDS22980;Wino czerwone;88.617886;109;0;1;162
2236;https://dobrewina.pl/1388/p2236-syrah-momenti-terre-siciliane-igp-075-l.jpg;Syrah Momenti Terre Siciliane IGP 0,75 L;WCWWOALI22968;Wino czerwone;38.130081;46.9;0;1;166
2240;https://dobrewina.pl/1413/fourrey-bourgogne-pinot-noir-aoc-0-75-l.jpg;Fourrey Pinot Noir Bourgogne AOC 0,75 L;CCH0011;Wino czerwone;88.617886;109;0;1;168
2246;https://dobrewina.pl/1416/bilecik.jpg;Bilecik;;Strona główna;0.000000;0;0;1;364
2248;https://dobrewina.pl//p2248-oliwki-perdigon-500g.jpg;Oliwki Perdigon 500g;DKA305458;Strona główna;13.900000;13.9;7;0;173
2266;https://dobrewina.pl/1620/jessiaume-auxey-duresses-1er-cru-ecusseaux-blanc-2018.jpg;Jessiaume Auxey Duresses 1er Cru Ecusseaux Blanc 2018;CBB0019;Wino białe;161.788618;229;0;1;376
2274;https://dobrewina.pl/1431/p2274-jaffelin-saint-aubin-1er-cru-sur-gamay-blanc-2019.jpg;Jaffelin Saint Aubin 1er Cru Sur Gamay Blanc 2019;CBB0033;Wino białe;186.178862;229;0;1;379
2287;https://dobrewina.pl/1459/p2287-genot-boulanger-volnay-vielles-vignes-2018.jpg;Genot-Boulanger Volnay Vielles Vignes 2018;CBB0018;Wino czerwone;210.569106;299;0;1;382
2291;https://dobrewina.pl/1455/p2291-genot-boulanger-savigny-les-beaune-vielles-vignes-2018.jpg;Genot-Boulanger Savigny-les-Beaune Vielles Vignes 2018;CBB0038;Wino białe;161.788618;199;0;1;395
2298;https://dobrewina.pl/1504/p2298-marchand-grillot-gevrey-chambertin-en-songe-2018.jpg;Marchand-Grillot Gevrey-Chambertin En Songe 2018;CBN0004;Wino czerwone;186.178862;229;0;1;380
2300;https://dobrewina.pl/1502/p2300-marchand-grillot-morey-saint-denis-2018.jpg;Marchand-Grillot Morey-Saint-Denis 2018;CBN0007;Wino czerwone;169.918699;249;0;1;377
2302;https://dobrewina.pl/1462/vincent-morey-santenay-1er-cru-les-gravieres.jpg;Vincent Morey Santenay 1er Cru Les Graviéres;CBB0003;Wino czerwone;169.918699;249;0;1;398
2305;https://dobrewina.pl/1497/chateau-cos-labory-saint-estephe-2018.jpg;Chateau Cos Labory Saint-Estephe 2018;CME0018;Wino czerwone;218.699187;269;0;1;383
2312;https://dobrewina.pl/1484/p2312-chateau-cantenac-brown-margaux-2018.jpg;Chateau Cantenac-Brown Margaux 2018;CME0005;Wino czerwone;300.000000;369;0;1;392
2313;https://dobrewina.pl/1498/p2313-chateau-dauzac-margaux-2019.jpg;Chateau Dauzac Margaux 2019;CME0019;Wino czerwone;218.699187;269;0;1;384
2315;https://dobrewina.pl/1499/p2315-chateau-haut-bages-liberal-pauillac-2017.jpg;Chateau Haut Bages Liberal Pauillac 2017;CME0020;Wino czerwone;202.439024;249;0;1;386
2317;https://dobrewina.pl/1492/p2317-chateau-lafon-rochet-saint-estephe-2016.jpg;Chateau Lafon-Rochet Saint-Estephe 2016;CME0012;Wino czerwone;243.089431;299;0;1;388
2318;https://dobrewina.pl/1487/p2318-chateau-langoa-barton-saint-julien-2014.jpg;Chateau Langoa Barton Saint-Julien 2014;CME0008;Wino czerwone;275.609756;389;0;1;389
2322;https://dobrewina.pl/1488/p2322-chateau-marquis-d-alesme-margaux-2019.jpg;Chateau Marquis d'Alesme Margaux 2019;CME0009;Wino czerwone;243.089431;299;0;1;387
2326;https://dobrewina.pl/1493/p2326-chateau-saint-pierre-saint-julien-2017.jpg;Chateau Saint-Pierre Saint-Julien 2017;CME0014;Wino czerwone;300.000000;429;0;1;393
2328;https://dobrewina.pl/1491/p2328-chateau-la-tour-carnet-haut-medoc-2018.jpg;Chateau la Tour Carnet Haut-Medoc 2018;CME0011;Wino czerwone;210.569106;299;0;1;381
2330;https://dobrewina.pl/1555/p2330-chateau-bellefont-belcier-saint-emilion-grand-cru-2016.jpg;Chateau Bellefont-Belcier Saint-Emilion Grand Cru 2016;CSE0006;Wino czerwone;226.829268;339;0;1;385
2333;https://dobrewina.pl/1563/p2333-chateau-chauvin-saint-emilion-grand-cru-2015.jpg;Chateau Chauvin Saint-Emilion Grand Cru 2015;CSE0007;Wino czerwone;202.439024;289;0;1;174
2336;https://dobrewina.pl/1920/chateau-larcis-ducasse-saint-emilion-1er-grand-cru-2014.jpg;Chateau Larcis Ducasse Saint-Emilion 1er Grand Cru 2014;CSE0003;Wino czerwone;308.130081;429;0;1;394
2341;https://dobrewina.pl/1569/p2341-d-ardhuy-pernand-vergelesses-les-boutieres-2020.jpg;d'Ardhuy Pernand-Vergelesses Les Boutiéres 2020;CBB0009;Wino czerwone;137.398374;169;0;1;175
2342;https://dobrewina.pl/1668/p2342-dom-caudron-prediction-brut-aop-champagne.jpg;Dom Caudron Prediction Brut AOP Champagne;CCM0002;Wino musujące;145.528455;179;0;1;176
2343;https://dobrewina.pl/1507/p2343-dom-caudron-brut-nature-aop-champagne.jpg;Dom Caudron Brut Nature AOP Champagne;CCM0003;Wino musujące;137.398374;169;0;1;177
2351;https://dobrewina.pl/1665/p2351-jaffelin-cremant-de-bourgogne-blanc-des-blancs-bez-dodawanych-siarczanow-extra-brut.jpg;Jaffelin Cremant de Bourgogne Blanc de Blancs (bez dodawanych siarczanów) Extra Brut;CBC0002;Wino musujące;81.219512;129;0;1;180
2352;https://dobrewina.pl/1663/p2352-jaffelin-cremant-de-bourgogne-blanc-des-noirs-bez-dodawanych-siarczanow-extra-brut.jpg;Jaffelin Cremant de Bourgogne Blanc de Noirs (bez dodawanych siarczanów) Extra Brut;CBC0003;Wino musujące;81.219512;99.9;0;1;181
2359;https://dobrewina.pl/1778/villa-saletta-chiave-di-saletta-igt-toscana-rosso-2016.jpg;Villa Saletta Chiave di Saletta IGT Toscania 0,75 L;CTO0002;Wino czerwone;96.747967;119;0;1;183
3136;https://dobrewina.pl//p3136-kartonik-s1o-czarny-okno-s.jpg;Kartonik S1O czarny okno S;XKS1OCZS;Strona główna;9.900000;12.18;6;0;184
3466;https://dobrewina.pl//p3466-kartonik-nw2-zamykany-czerwony-maziak.jpg;Kartonik NW2 zamykany czarny maziak;XKZ2CZEF;Strona główna;19.900000;24.48;45;0;185
3642;https://dobrewina.pl//p3642-kartonik-s1-bordowy.jpg;Kartonik S1 bordowy;XKS1SBO;Strona główna;9.900000;12.18;18;0;186
3643;https://dobrewina.pl//p3643-kartonik-s1-zielony.jpg;Kartonik S1 Zielony;XKS1SZI;Strona główna;0.000000;0;6;0;187
3649;https://dobrewina.pl//kartonik-s3.jpg;Kartonik S3 EKO;XKS3EKO;Strona główna;21.900000;21.9;28;0;189
3650;https://dobrewina.pl/1784/p3650-karton-coeur-de-bar-1-btl.jpg;Karton Coeur de Bar 1 btl.;XK6ECDBAR;Opakowania;8.048780;9.9;28;0;190
3651;https://dobrewina.pl//p3651-kartonik-s2-srebrny-maziak.jpg;Kartonik S2 srebrny maziak;XKS2S;Strona główna;0.000000;0;30;0;191
3679;https://dobrewina.pl//p3679-pasztet-sarladais-z-truflami-letnimi-200g.jpg;Pasztet Sarladais z truflami letnimi 200g;DLG65041;Strona główna;32.900000;32.9;3;0;146
3687;https://dobrewina.pl/1702/koszt-realizacji-na-terenie-ue.jpg;Koszt realizacji - na terenie UE;;Strona główna;0.000000;0;0;1;370
3688;https://dobrewina.pl/1703/de-visu-223-jours-grenache-noir-igp-075-l.jpg;De Visu 223 jours Grenache Noir IGP 0,75 L;WCWFALGI23607;Strona główna;40.569106;49.9;0;1;93
3704;https://dobrewina.pl/1715/p3704-le-forconate-rasole-igt-rosso-toscana-075l.jpg;Le Forconate Rasole IGT Rosso Toscana 0,75L;CTO0006;Wino czerwone;137.398374;169;0;1;104
3705;https://dobrewina.pl/1815/le-forconate-9-legni-igt-rosso-toscana-075l.jpg;Le Forconate 9 Legni IGT Rosso Toscana 0,75L;CTO0007;Wino czerwone;218.699187;269;0;1;105
3713;https://dobrewina.pl/2034/greckie-oliwki-zielone-bez-pestek-190g.jpg;Greckie oliwki zielone bez pestek 190g;DAG0802J1P01;Strona główna;12.900000;12.9;405;0;110
3718;https://dobrewina.pl/1733/les-creisses-rouge-igp-pay-d-oc-075-l.jpg;Les Creisses Rouge IGP Pay d'Oc 0,75 L;OLA0001;Wino czerwone;88.617886;109;0;1;113
3719;https://dobrewina.pl/1734/p3719-petrolo-torrione-igt-rosso-toscana-2020.jpg;Petrolo Torrione IGT Rosso Toscana 2020;OIT0005;Wino czerwone;137.398374;199;0;1;114
3720;https://dobrewina.pl/1736/p3720-marchesi-mazzei-philip-igt-rosso-toscana-2019.jpg;Marchesi Mazzei Philip IGT Rosso Toscana 2019;OIT0006;Wino czerwone;145.528455;219;0;1;115
3721;https://dobrewina.pl/1735/p3721-sette-ponti-crognolo-igt-rosso-toscana-2019.jpg;Sette Ponti Crognolo IGT Rosso Toscana 2019;OIT0007;Wino czerwone;129.268293;189;0;1;116
3725;https://dobrewina.pl/1877/jessiaume-maison-meursault-blanc-2020.jpg;Jessiaume Maison Meursault Blanc 2020;CBB0040;Wino białe;243.089431;349;0;1;118
3728;https://dobrewina.pl/1876/jessiaume-beaune-1er-cru-cents-vignes-2017.jpg;Jessiaume Beaune 1er Cru Cents Vignes 2017;CBB0041;Wino czerwone;169.918699;249;0;1;121
3729;https://dobrewina.pl/1935/jessiaume-santenay-1er-cru-gravieres-blanc-2019.jpg;Jessiaume Santenay 1er Cru Gravieres Blanc 2019;CBB0042;Wino białe;153.658537;239;0;1;122
3732;https://dobrewina.pl/1934/jessiaume-santenay-1er-cru-gravieres-2020.jpg;Jessiaume Santenay 1er Cru Gravieres 2020;CBB0045;Wino czerwone;137.398374;169;0;1;125
3735;https://dobrewina.pl/1764/p3735-wh-wild-fields-original-single-malt-polsh-whisky-465-07-l.jpg;Wh. Wild Fields Original Single Malt Polsh Whisky 46,5% 0,7 L;MUN011;Whisky, Whiskey, Bourbon;153.658537;189;0;1;128
3737;https://dobrewina.pl/1750/p3737-stroh-80-05-l.jpg;Stroh 80% 0,5 L;MUN09;Rum, Tequila;129.268293;159;0;1;129
4542;https://dobrewina.pl//p4542-skrzyneczka-drewniana-zasuwana-na-1-but05l.jpg;Skrzyneczka drewniana zasuwana na 1 but.0,5l;XSS1SD5;Strona główna;1.230000;1.51;6;0;138
4602;https://dobrewina.pl//p4602-kartonik-nw2-zamykany-czerwony-tweed.jpg;Kartonik NW2 zamykany czerwony tweed;XKS2CZES;Strona główna;19.900000;24.48;26;0;139
4617;https://dobrewina.pl//p4617-kartonik-s2-bordowy-k.jpg;Kartonik S2 bordowy K;XKS2BOR;Strona główna;14.900000;18.33;0;1;140
4630;https://dobrewina.pl/2026/p4630-kartonik-nw3-zamykany-czarny-s.jpg;Kartonik NW3 Zamykany Czerwony maziak;XKZ3CZAS;Strona główna;24.308943;29.9;33;0;141
5184;https://dobrewina.pl/1803/p5184-villa-saletta-riccardi-igt-toscana-rosso-2016.jpg;Villa Saletta Riccardi IGT Toscana Rosso 2016;CTO0004;Wino czerwone;161.788618;199;0;1;1
5185;https://dobrewina.pl/1805/p5185-villa-saletta-giulia-igt-toscana-rosso-2016.jpg;Villa Saletta Giulia IGT Toscana Rosso 2016;CTO0003;Wino czerwone;161.788618;199;0;1;2
5191;https://dobrewina.pl/1812/p5191-jaffelin-chorey-les-beaune-2018.jpg;Jaffelin Chorey-les-Beaune 2018;CBB0006;Wino czerwone;121.138211;179;0;1;4
5205;https://dobrewina.pl/1823/p5205-dealberto-finca-valdemoya-rosado-vdlt-castilla-y-leon-075-l.jpg;deAlberto Finca Valdemoya Rosado VdlT Castilla y Leon 0,75 L;OCL0003;Wino różowe;30.000000;46.9;0;1;15
5208;https://dobrewina.pl//p5208-owoce-kaparow-160g.jpg;Owoce Kaparów 160g;DKA305984;Inne specjały;11.900000;11.9;46;0;18
5211;https://dobrewina.pl//p5211-oliwa-green-picual-iloveaceite-05-l.jpg;"Oliwa Green Picual ""iloveaceite"" 0,5 L";KO0002;Oliwy;49.900000;49.9;12;0;21
5216;https://dobrewina.pl//p5216-oliwa-esencial-edycja-limitowana-05-l.jpg;Oliwa eSencial - edycja limitowana 0,5 L;KO0004;Oliwy;79.900000;79.9;3;0;26
5234;https://dobrewina.pl/1922/cuatro-rayas-pampano-verdejo-semidulce-do-rueda-075-l.jpg;Cuatro Rayas Pampano Verdejo Semidulce DO Rueda 0,75 L;OSR003;Wino białe;32.439024;39.9;8;0;42
5236;https://dobrewina.pl/1836/p5236-gran-maestro-appassimento-rosso-puglia-igt-075-l.jpg;Gran Maestro Appassimento Rosso Puglia IGT 0,75 L;OIV0002;Strona główna;40.569106;49.9;0;1;44
5239;https://dobrewina.pl/1843/cortese-piemonte-cascine-radice-doc-075-l.jpg;Cortese Piemonte Cascine Radice DOC 0,75 L;OII002;Wino białe;30.000000;36.9;0;1;47
5241;https://dobrewina.pl/1851/chateau-leoville-barton-saint-julien-2017.jpg;Chateau Leoville Barton Saint-Julien 2017;CME0002;Wino czerwone;438.211382;539;0;1;49
5242;https://dobrewina.pl/1861/p5242-d-ardhuy-ladoix-clos-des-chagnots-monopole-2018.jpg;d'Ardhuy Ladoix Clos des Chagnots Monopole 2018;CBB0026;Wino czerwone;145.528455;179;0;1;50
5247;https://dobrewina.pl/1872/p5247-fourrey-chablis-grand-cru-vaudesir-2020-aoc-075-l.jpg;Fourrey Chablis Grand Cru Vaudesir 2020 AOC 0,75 L;CCH0016;Wino białe;210.569106;299;0;1;51
5259;https://dobrewina.pl/1937/joseph-mellot-pouilly-fume-le-troncsec-075-l.jpg;Joseph Mellot Pouilly Fume Le Troncsec 0,75 L;OFL0003;Wino białe;96.747967;119;0;1;63
5280;https://dobrewina.pl/1910/p5280-chateau-canon-la-gaffeliere-saint-emilion-1er-grand-cru-2017.jpg;Chateau Canon la Gaffeliere Saint-Emilion 1er Grand Cru 2017;CSE0002;Wino czerwone;421.951220;519;0;1;77
5282;https://dobrewina.pl/1913/p5282-chateau-clinet-pomerol-2015.jpg;Chateau Clinet Pomerol 2015;CPO0001;Wino czerwone;665.853659;819;0;1;79
5283;https://dobrewina.pl/1914/p5283-chateau-d-armailhac-pauillac-2016.jpg;Chateau d'Armailhac Pauillac 2016;CME0016;Wino czerwone;324.390244;469;0;1;80
5284;https://dobrewina.pl/1915/p5284-chateau-de-camensac-haut-medoc-2018.jpg;Chateau de Camensac Haut-Medoc 2018;CME0017;Wino czerwone;194.308943;269;0;1;81
5285;https://dobrewina.pl/1916/p5285-chateau-fombrauge-saint-emilion-grand-cru-2018.jpg;Chateau Fombrauge Saint Emilion Grand Cru 2018;CSE0008;Wino czerwone;178.048780;269;0;1;82
5287;https://dobrewina.pl/1921/chateau-leoville-poyferre-saint-julien-2014.jpg;Chateau Leoville Poyferre Saint-Julien 2014;CME0003;Wino czerwone;454.471545;599;0;1;83
5289;https://dobrewina.pl/1924/p5289-chateau-rauzan-gassies-margaux-2017.jpg;Chateau Rauzan-Gassies Margaux 2017;CME0004;Wino czerwone;332.520325;449;0;1;84
5291;https://dobrewina.pl/1926/p5291-chateau-troplong-mondot-saint-emilion-1er-grand-cru-2014.jpg;Chateau Troplong Mondot Saint-Emilion 1er Grand Cru 2014;CSE0004;Wino czerwone;486.991870;669;0;1;85
5292;https://dobrewina.pl/1927/p5292-chateau-troplong-mondot-saint-emilion-1er-grand-cru-2018.jpg;Chateau Troplong Mondot Saint-Emilion 1er Grand Cru 2018;CSE0005;Wino czerwone;600.813008;799;0;1;86
5296;https://dobrewina.pl/1938/p5296-lavantureux-chablis-aop-2019.jpg;Lavantureux Chablis AOP 2019;CCH0006;Wino białe;104.878049;129;0;1;88
5300;https://dobrewina.pl/1946/suremain-mercurey-clos-l-eveque-1er-cru-2019.jpg;Suremain Mercurey Clos l'Eveque 1er Cru 2019;CCA0003;Wino czerwone;145.528455;179;0;1;90
5301;https://dobrewina.pl/1947/p5301-suremain-mercurey-les-crets-1er-cru-2019.jpg;Suremain Mercurey Les Crets 1er Cru 2019;CCA0002;Wino czerwone;145.528455;179;0;1;91
5304;https://dobrewina.pl/1955/barolo-ravera-cantina-terre-del-barolo-2011.jpg;Barolo Ravera Cantina Terre del Barolo 2011;OII0001;Wino czerwone;104.878049;159;0;1;0
5307;https://dobrewina.pl/1958/schmitt-sohne-liebfraumilch-rheinhessen-075-l.jpg;Schmitt Sohne Liebfraumilch Rheinhessen 0,75 L;ONH001;Wino białe;30.000000;36.9;0;1;0
5321;https://dobrewina.pl/1977/chassenay-d-arce-champagne-selection-brut-075-l.jpg;Chassenay D'Arce Champagne Selection Brut 0,75 L;OFC003;Wino musujące;121.138211;149;0;1;0
5325;https://dobrewina.pl/1973/rosso-di-montalcino-altesino-075-l.jpg;Rosso di Montalcino Altesino 0,75 L;OIT0008;Wino czerwone;96.747967;119;0;1;0
5326;https://dobrewina.pl/1972/brunello-di-montalcino-altesino-075-l.jpg;Brunello di Montalcino Altesino 0,75 L;OIT0009;Wino czerwone;161.788618;199;0;1;0
5333;https://dobrewina.pl/1989/domaine-haut-de-mourier-chardonnay-pay-d-oc-igp-075-l.jpg;Domaine Haut de Mourier Chardonnay Pay d'Oc IGP 0,75 L;OFN0010;Wino białe;40.569106;59.9;0;1;0
5379;https://dobrewina.pl//p5379-malma-chacra-la-papay-malbec-patagonia-075-l.jpg;Malma Chacra La Papay Malbec Patagonia 0,75 L;OAM005;Strona główna;49.900000;61.38;0;1;0
5380;https://dobrewina.pl//p5380-kracher-gruner-veltliner-burgenland-075-l.jpg;Kracher Grüner Veltliner Burgenland 0,75 L;OAT001;Strona główna;79.900000;98.28;0;1;0
5381;https://dobrewina.pl//p5381-cotes-du-rhone-rouge-vidal-fleury-075-l.jpg;Cotes-du-Rhone Rouge Vidal-Fleury 0,75 L;OFR0005;Strona główna;56.900000;69.99;0;1;0
5382;https://dobrewina.pl//p5382-grand-velours-grande-reserve-igp-d-oc-075-l.jpg;Grand Velours Grande Reserve IGP d'Oc 0,75 L;OFM0008;Strona główna;59.900000;73.68;0;1;0
5383;https://dobrewina.pl//p5383-chateau-pesquie-eco-edition-1912-ventoux-075-l.jpg;Château Pesquie Eco Edition 1912 Ventoux 0,75 L;OFR0003;Strona główna;59.900000;73.68;0;1;0
5384;https://dobrewina.pl//p5384-cotes-du-rhone-blanc-vidal-fleury-075-l.jpg;Côtes-du-Rhone Blanc Vidal-Fleury 0,75 L;OFR0004;Strona główna;59.900000;73.68;0;1;0
5385;https://dobrewina.pl//p5385-balade-romantique-orange-wine-075-l.jpg;Balade Romantique Orange Wine 0,75 L;WBWFADGS24561;Strona główna;59.900000;73.68;0;1;0
5386;https://dobrewina.pl//p5386-contrasto-bianco-vigneti-delle-dolomiti-igt-075-l.jpg;Contrasto Bianco Vigneti delle Dolomiti IGT 0,75 L;WBWWOMEZ22936;Strona główna;39.900000;49.08;0;1;0
5387;https://dobrewina.pl//p5387-contrasto-rosso-terre-siciliane-igt-075-l.jpg;Contrasto Rosso Terre Siciliane IGT 0,75 L;WCWWOMEZ22937;Strona główna;0.000000;0;0;1;0
5388;https://dobrewina.pl//p5388-tempere-merlot-medium-sweet-075-l.jpg;Tempere Merlot Medium Sweet 0,75 L;WCMMLVAR24073;Strona główna;36.900000;45.39;0;1;0
5389;https://dobrewina.pl//p5389-tempere-sauvignon-blanc-medium-sweet-075-l.jpg;Tempere Sauvignon Blanc Medium Sweet 0,75 L;WBMMLVAR24070;Strona główna;36.900000;45.39;0;1;0
5390;https://dobrewina.pl//p5390-closerie-de-vaudieu-chateauneuf-du-pape-075-l.jpg;Closerie de Vaudieu Chateauneuf-du-Pape 0,75 L;OFR0006;Strona główna;139.000000;170.97;0;1;0
5391;https://dobrewina.pl//p5391-champagne-douard-christian-rose-brut-075-l.jpg;Champagne Douard Christian Rose Brut 0,75 L;OFC005;Strona główna;164.000000;201.72;0;1;0
5392;https://dobrewina.pl//p5392-champagne-douard-christian-blanc-de-blanc-brut-075-l.jpg;Champagne Douard Christian Blanc de Blanc Brut 0,75 L;OFC006;Strona główna;179.000000;220.17;0;1;0